crop_id,original_tile_id,dataset,biome,split,image_path,dsm_path,width,height,crs,dsm_min,dsm_max,dsm_delta
potsdam_2_10_000,2_10,potsdam,urban,train,data/train/images/potsdam_2_10_000.tif,data/train/dem/potsdam_2_10_000.tif,512,512,EPSG:32633,41.95,60.58,18.63
potsdam_2_10_001,2_10,potsdam,urban,train,data/train/images/potsdam_2_10_001.tif,data/train/dem/potsdam_2_10_001.tif,512,512,EPSG:32633,40.44,52.97,12.53
potsdam_2_10_002,2_10,potsdam,urban,train,data/train/images/potsdam_2_10_002.tif,data/train/dem/potsdam_2_10_002.tif,512,512,EPSG:32633,42.37,44.72,2.35
potsdam_2_10_003,2_10,potsdam,urban,train,data/train/images/potsdam_2_10_003.tif,data/train/dem/potsdam_2_10_003.tif,512,512,EPSG:32633,41.32,57.58,16.26
potsdam_2_10_004,2_10,potsdam,urban,train,data/train/images/potsdam_2_10_004.tif,data/train/dem/potsdam_2_10_004.tif,512,512,EPSG:32633,41.84,46.4,4.56
potsdam_2_10_005,2_10,potsdam,urban,train,data/train/images/potsdam_2_10_005.tif,data/train/dem/potsdam_2_10_005.tif,512,512,EPSG:32633,38.48,51.59,13.11
potsdam_2_10_006,2_10,potsdam,urban,train,data/train/images/potsdam_2_10_006.tif,data/train/dem/potsdam_2_10_006.tif,512,512,EPSG:32633,42.74,54.47,11.74
potsdam_2_10_007,2_10,potsdam,urban,train,data/train/images/potsdam_2_10_007.tif,data/train/dem/potsdam_2_10_007.tif,512,512,EPSG:32633,43.49,44.37,0.88
potsdam_2_10_008,2_10,potsdam,urban,train,data/train/images/potsdam_2_10_008.tif,data/train/dem/potsdam_2_10_008.tif,512,512,EPSG:32633,43.59,45.6,2.01
potsdam_2_10_009,2_10,potsdam,urban,train,data/train/images/potsdam_2_10_009.tif,data/train/dem/potsdam_2_10_009.tif,512,512,EPSG:32633,42.64,55.27,12.62
potsdam_2_10_010,2_10,potsdam,urban,train,data/train/images/potsdam_2_10_010.tif,data/train/dem/potsdam_2_10_010.tif,512,512,EPSG:32633,43.47,45.61,2.14
potsdam_2_10_011,2_10,potsdam,urban,train,data/train/images/potsdam_2_10_011.tif,data/train/dem/potsdam_2_10_011.tif,512,512,EPSG:32633,43.12,55.93,12.81
potsdam_2_10_012,2_10,potsdam,urban,train,data/train/images/potsdam_2_10_012.tif,data/train/dem/potsdam_2_10_012.tif,512,512,EPSG:32633,43.31,45.46,2.15
potsdam_2_10_013,2_10,potsdam,urban,train,data/train/images/potsdam_2_10_013.tif,data/train/dem/potsdam_2_10_013.tif,512,512,EPSG:32633,42.94,46.56,3.62
potsdam_2_10_014,2_10,potsdam,urban,train,data/train/images/potsdam_2_10_014.tif,data/train/dem/potsdam_2_10_014.tif,512,512,EPSG:32633,42.86,55.97,13.12
potsdam_2_10_015,2_10,potsdam,urban,train,data/train/images/potsdam_2_10_015.tif,data/train/dem/potsdam_2_10_015.tif,512,512,EPSG:32633,43.47,44.55,1.07
potsdam_2_10_016,2_10,potsdam,urban,train,data/train/images/potsdam_2_10_016.tif,data/train/dem/potsdam_2_10_016.tif,512,512,EPSG:32633,43.48,54.55,11.07
potsdam_2_10_017,2_10,potsdam,urban,train,data/train/images/potsdam_2_10_017.tif,data/train/dem/potsdam_2_10_017.tif,512,512,EPSG:32633,41.15,53.09,11.94
potsdam_2_10_018,2_10,potsdam,urban,train,data/train/images/potsdam_2_10_018.tif,data/train/dem/potsdam_2_10_018.tif,512,512,EPSG:32633,42.33,53.76,11.43
potsdam_2_10_019,2_10,potsdam,urban,train,data/train/images/potsdam_2_10_019.tif,data/train/dem/potsdam_2_10_019.tif,512,512,EPSG:32633,42.59,47.05,4.46
potsdam_2_10_020,2_10,potsdam,urban,train,data/train/images/potsdam_2_10_020.tif,data/train/dem/potsdam_2_10_020.tif,512,512,EPSG:32633,42.72,55.53,12.8
potsdam_2_10_021,2_10,potsdam,urban,train,data/train/images/potsdam_2_10_021.tif,data/train/dem/potsdam_2_10_021.tif,512,512,EPSG:32633,42.62,55.48,12.86
potsdam_2_10_022,2_10,potsdam,urban,train,data/train/images/potsdam_2_10_022.tif,data/train/dem/potsdam_2_10_022.tif,512,512,EPSG:32633,42.94,55.6,12.66
potsdam_2_10_023,2_10,potsdam,urban,train,data/train/images/potsdam_2_10_023.tif,data/train/dem/potsdam_2_10_023.tif,512,512,EPSG:32633,42.32,55.73,13.41
potsdam_2_10_024,2_10,potsdam,urban,train,data/train/images/potsdam_2_10_024.tif,data/train/dem/potsdam_2_10_024.tif,512,512,EPSG:32633,42.7,56.93,14.22
potsdam_2_13_000,2_13,potsdam,urban,train,data/train/images/potsdam_2_13_000.tif,data/train/dem/potsdam_2_13_000.tif,512,512,EPSG:32633,37.98,40.82,2.85
potsdam_2_13_001,2_13,potsdam,urban,train,data/train/images/potsdam_2_13_001.tif,data/train/dem/potsdam_2_13_001.tif,512,512,EPSG:32633,37.35,41.64,4.29
potsdam_2_13_002,2_13,potsdam,urban,train,data/train/images/potsdam_2_13_002.tif,data/train/dem/potsdam_2_13_002.tif,512,512,EPSG:32633,33.51,53.33,19.83
potsdam_2_13_003,2_13,potsdam,urban,train,data/train/images/potsdam_2_13_003.tif,data/train/dem/potsdam_2_13_003.tif,512,512,EPSG:32633,34.24,59.29,25.05
potsdam_2_13_004,2_13,potsdam,urban,train,data/train/images/potsdam_2_13_004.tif,data/train/dem/potsdam_2_13_004.tif,512,512,EPSG:32633,33.73,42.51,8.78
potsdam_2_13_005,2_13,potsdam,urban,train,data/train/images/potsdam_2_13_005.tif,data/train/dem/potsdam_2_13_005.tif,512,512,EPSG:32633,38.2,41.37,3.17
potsdam_2_13_006,2_13,potsdam,urban,train,data/train/images/potsdam_2_13_006.tif,data/train/dem/potsdam_2_13_006.tif,512,512,EPSG:32633,38.62,58.63,20.01
potsdam_2_13_007,2_13,potsdam,urban,train,data/train/images/potsdam_2_13_007.tif,data/train/dem/potsdam_2_13_007.tif,512,512,EPSG:32633,36.39,56.86,20.47
potsdam_2_13_008,2_13,potsdam,urban,train,data/train/images/potsdam_2_13_008.tif,data/train/dem/potsdam_2_13_008.tif,512,512,EPSG:32633,35.04,55.42,20.38
potsdam_2_13_009,2_13,potsdam,urban,train,data/train/images/potsdam_2_13_009.tif,data/train/dem/potsdam_2_13_009.tif,512,512,EPSG:32633,32.77,49.93,17.16
potsdam_2_13_010,2_13,potsdam,urban,train,data/train/images/potsdam_2_13_010.tif,data/train/dem/potsdam_2_13_010.tif,512,512,EPSG:32633,38.1,53.08,14.98
potsdam_2_13_011,2_13,potsdam,urban,train,data/train/images/potsdam_2_13_011.tif,data/train/dem/potsdam_2_13_011.tif,512,512,EPSG:32633,35.71,63.71,28.0
potsdam_2_13_012,2_13,potsdam,urban,train,data/train/images/potsdam_2_13_012.tif,data/train/dem/potsdam_2_13_012.tif,512,512,EPSG:32633,38.07,53.71,15.64
potsdam_2_13_013,2_13,potsdam,urban,train,data/train/images/potsdam_2_13_013.tif,data/train/dem/potsdam_2_13_013.tif,512,512,EPSG:32633,35.39,51.94,16.55
potsdam_2_13_014,2_13,potsdam,urban,train,data/train/images/potsdam_2_13_014.tif,data/train/dem/potsdam_2_13_014.tif,512,512,EPSG:32633,33.71,54.08,20.38
potsdam_2_13_015,2_13,potsdam,urban,train,data/train/images/potsdam_2_13_015.tif,data/train/dem/potsdam_2_13_015.tif,512,512,EPSG:32633,37.73,41.21,3.47
potsdam_2_13_016,2_13,potsdam,urban,train,data/train/images/potsdam_2_13_016.tif,data/train/dem/potsdam_2_13_016.tif,512,512,EPSG:32633,37.51,51.35,13.83
potsdam_2_13_017,2_13,potsdam,urban,train,data/train/images/potsdam_2_13_017.tif,data/train/dem/potsdam_2_13_017.tif,512,512,EPSG:32633,35.79,48.95,13.16
potsdam_2_13_018,2_13,potsdam,urban,train,data/train/images/potsdam_2_13_018.tif,data/train/dem/potsdam_2_13_018.tif,512,512,EPSG:32633,34.43,52.62,18.19
potsdam_2_13_019,2_13,potsdam,urban,train,data/train/images/potsdam_2_13_019.tif,data/train/dem/potsdam_2_13_019.tif,512,512,EPSG:32633,34.02,49.23,15.21
potsdam_2_13_020,2_13,potsdam,urban,train,data/train/images/potsdam_2_13_020.tif,data/train/dem/potsdam_2_13_020.tif,512,512,EPSG:32633,37.41,42.17,4.75
potsdam_2_13_021,2_13,potsdam,urban,train,data/train/images/potsdam_2_13_021.tif,data/train/dem/potsdam_2_13_021.tif,512,512,EPSG:32633,36.35,52.54,16.19
potsdam_2_13_022,2_13,potsdam,urban,train,data/train/images/potsdam_2_13_022.tif,data/train/dem/potsdam_2_13_022.tif,512,512,EPSG:32633,33.34,51.99,18.65
potsdam_2_13_023,2_13,potsdam,urban,train,data/train/images/potsdam_2_13_023.tif,data/train/dem/potsdam_2_13_023.tif,512,512,EPSG:32633,33.49,49.2,15.72
potsdam_2_13_024,2_13,potsdam,urban,train,data/train/images/potsdam_2_13_024.tif,data/train/dem/potsdam_2_13_024.tif,512,512,EPSG:32633,30.31,52.38,22.07
potsdam_2_14_000,2_14,potsdam,urban,train,data/train/images/potsdam_2_14_000.tif,data/train/dem/potsdam_2_14_000.tif,512,512,EPSG:32633,27.88,73.44,45.56
potsdam_2_14_001,2_14,potsdam,urban,train,data/train/images/potsdam_2_14_001.tif,data/train/dem/potsdam_2_14_001.tif,512,512,EPSG:32633,32.57,49.4,16.83
potsdam_2_14_002,2_14,potsdam,urban,train,data/train/images/potsdam_2_14_002.tif,data/train/dem/potsdam_2_14_002.tif,512,512,EPSG:32633,29.44,63.46,34.02
potsdam_2_14_003,2_14,potsdam,urban,train,data/train/images/potsdam_2_14_003.tif,data/train/dem/potsdam_2_14_003.tif,512,512,EPSG:32633,33.37,50.91,17.55
potsdam_2_14_004,2_14,potsdam,urban,train,data/train/images/potsdam_2_14_004.tif,data/train/dem/potsdam_2_14_004.tif,512,512,EPSG:32633,25.38,53.7,28.32
potsdam_2_14_005,2_14,potsdam,urban,train,data/train/images/potsdam_2_14_005.tif,data/train/dem/potsdam_2_14_005.tif,512,512,EPSG:32633,31.31,55.42,24.11
potsdam_2_14_006,2_14,potsdam,urban,train,data/train/images/potsdam_2_14_006.tif,data/train/dem/potsdam_2_14_006.tif,512,512,EPSG:32633,31.96,34.76,2.81
potsdam_2_14_007,2_14,potsdam,urban,train,data/train/images/potsdam_2_14_007.tif,data/train/dem/potsdam_2_14_007.tif,512,512,EPSG:32633,29.73,42.25,12.51
potsdam_2_14_008,2_14,potsdam,urban,train,data/train/images/potsdam_2_14_008.tif,data/train/dem/potsdam_2_14_008.tif,512,512,EPSG:32633,24.12,57.12,32.99
potsdam_2_14_009,2_14,potsdam,urban,train,data/train/images/potsdam_2_14_009.tif,data/train/dem/potsdam_2_14_009.tif,512,512,EPSG:32633,29.33,51.12,21.79
potsdam_2_14_010,2_14,potsdam,urban,train,data/train/images/potsdam_2_14_010.tif,data/train/dem/potsdam_2_14_010.tif,512,512,EPSG:32633,24.86,49.57,24.71
potsdam_2_14_011,2_14,potsdam,urban,train,data/train/images/potsdam_2_14_011.tif,data/train/dem/potsdam_2_14_011.tif,512,512,EPSG:32633,27.89,54.01,26.12
potsdam_2_14_012,2_14,potsdam,urban,train,data/train/images/potsdam_2_14_012.tif,data/train/dem/potsdam_2_14_012.tif,512,512,EPSG:32633,29.89,68.45,38.55
potsdam_2_14_013,2_14,potsdam,urban,train,data/train/images/potsdam_2_14_013.tif,data/train/dem/potsdam_2_14_013.tif,512,512,EPSG:32633,31.86,43.21,11.35
potsdam_2_14_014,2_14,potsdam,urban,train,data/train/images/potsdam_2_14_014.tif,data/train/dem/potsdam_2_14_014.tif,512,512,EPSG:32633,29.78,34.08,4.3
potsdam_2_14_015,2_14,potsdam,urban,train,data/train/images/potsdam_2_14_015.tif,data/train/dem/potsdam_2_14_015.tif,512,512,EPSG:32633,32.73,43.03,10.31
potsdam_2_14_016,2_14,potsdam,urban,train,data/train/images/potsdam_2_14_016.tif,data/train/dem/potsdam_2_14_016.tif,512,512,EPSG:32633,32.97,43.88,10.91
potsdam_2_14_017,2_14,potsdam,urban,train,data/train/images/potsdam_2_14_017.tif,data/train/dem/potsdam_2_14_017.tif,512,512,EPSG:32633,32.53,38.29,5.76
potsdam_2_14_018,2_14,potsdam,urban,train,data/train/images/potsdam_2_14_018.tif,data/train/dem/potsdam_2_14_018.tif,512,512,EPSG:32633,29.1,55.33,26.23
potsdam_2_14_019,2_14,potsdam,urban,train,data/train/images/potsdam_2_14_019.tif,data/train/dem/potsdam_2_14_019.tif,512,512,EPSG:32633,30.04,53.42,23.39
potsdam_2_14_020,2_14,potsdam,urban,train,data/train/images/potsdam_2_14_020.tif,data/train/dem/potsdam_2_14_020.tif,512,512,EPSG:32633,32.08,51.47,19.4
potsdam_2_14_021,2_14,potsdam,urban,train,data/train/images/potsdam_2_14_021.tif,data/train/dem/potsdam_2_14_021.tif,512,512,EPSG:32633,29.45,51.64,22.19
potsdam_2_14_022,2_14,potsdam,urban,train,data/train/images/potsdam_2_14_022.tif,data/train/dem/potsdam_2_14_022.tif,512,512,EPSG:32633,29.3,59.0,29.7
potsdam_2_14_023,2_14,potsdam,urban,train,data/train/images/potsdam_2_14_023.tif,data/train/dem/potsdam_2_14_023.tif,512,512,EPSG:32633,32.93,40.69,7.76
potsdam_2_14_024,2_14,potsdam,urban,train,data/train/images/potsdam_2_14_024.tif,data/train/dem/potsdam_2_14_024.tif,512,512,EPSG:32633,29.77,37.72,7.95
potsdam_3_10_000,3_10,potsdam,urban,train,data/train/images/potsdam_3_10_000.tif,data/train/dem/potsdam_3_10_000.tif,512,512,EPSG:32633,42.56,66.39,23.82
potsdam_3_10_001,3_10,potsdam,urban,train,data/train/images/potsdam_3_10_001.tif,data/train/dem/potsdam_3_10_001.tif,512,512,EPSG:32633,43.56,70.9,27.34
potsdam_3_10_002,3_10,potsdam,urban,train,data/train/images/potsdam_3_10_002.tif,data/train/dem/potsdam_3_10_002.tif,512,512,EPSG:32633,44.58,64.83,20.26
potsdam_3_10_003,3_10,potsdam,urban,train,data/train/images/potsdam_3_10_003.tif,data/train/dem/potsdam_3_10_003.tif,512,512,EPSG:32633,41.3,53.63,12.32
potsdam_3_10_004,3_10,potsdam,urban,train,data/train/images/potsdam_3_10_004.tif,data/train/dem/potsdam_3_10_004.tif,512,512,EPSG:32633,39.94,47.33,7.39
potsdam_3_10_005,3_10,potsdam,urban,train,data/train/images/potsdam_3_10_005.tif,data/train/dem/potsdam_3_10_005.tif,512,512,EPSG:32633,41.38,57.21,15.83
potsdam_3_10_006,3_10,potsdam,urban,train,data/train/images/potsdam_3_10_006.tif,data/train/dem/potsdam_3_10_006.tif,512,512,EPSG:32633,41.99,52.47,10.48
potsdam_3_10_007,3_10,potsdam,urban,train,data/train/images/potsdam_3_10_007.tif,data/train/dem/potsdam_3_10_007.tif,512,512,EPSG:32633,42.81,65.87,23.06
potsdam_3_10_008,3_10,potsdam,urban,train,data/train/images/potsdam_3_10_008.tif,data/train/dem/potsdam_3_10_008.tif,512,512,EPSG:32633,40.25,48.7,8.45
potsdam_3_10_009,3_10,potsdam,urban,train,data/train/images/potsdam_3_10_009.tif,data/train/dem/potsdam_3_10_009.tif,512,512,EPSG:32633,39.8,67.23,27.42
potsdam_3_10_010,3_10,potsdam,urban,train,data/train/images/potsdam_3_10_010.tif,data/train/dem/potsdam_3_10_010.tif,512,512,EPSG:32633,42.85,52.67,9.82
potsdam_3_10_011,3_10,potsdam,urban,train,data/train/images/potsdam_3_10_011.tif,data/train/dem/potsdam_3_10_011.tif,512,512,EPSG:32633,43.37,46.67,3.31
potsdam_3_10_012,3_10,potsdam,urban,train,data/train/images/potsdam_3_10_012.tif,data/train/dem/potsdam_3_10_012.tif,512,512,EPSG:32633,41.62,52.16,10.53
potsdam_3_10_013,3_10,potsdam,urban,train,data/train/images/potsdam_3_10_013.tif,data/train/dem/potsdam_3_10_013.tif,512,512,EPSG:32633,41.69,48.09,6.4
potsdam_3_10_014,3_10,potsdam,urban,train,data/train/images/potsdam_3_10_014.tif,data/train/dem/potsdam_3_10_014.tif,512,512,EPSG:32633,37.87,44.76,6.88
potsdam_3_10_015,3_10,potsdam,urban,train,data/train/images/potsdam_3_10_015.tif,data/train/dem/potsdam_3_10_015.tif,512,512,EPSG:32633,42.15,60.59,18.44
potsdam_3_10_016,3_10,potsdam,urban,train,data/train/images/potsdam_3_10_016.tif,data/train/dem/potsdam_3_10_016.tif,512,512,EPSG:32633,41.44,63.3,21.86
potsdam_3_10_017,3_10,potsdam,urban,train,data/train/images/potsdam_3_10_017.tif,data/train/dem/potsdam_3_10_017.tif,512,512,EPSG:32633,38.2,59.18,20.97
potsdam_3_10_018,3_10,potsdam,urban,train,data/train/images/potsdam_3_10_018.tif,data/train/dem/potsdam_3_10_018.tif,512,512,EPSG:32633,41.62,57.69,16.07
potsdam_3_10_019,3_10,potsdam,urban,train,data/train/images/potsdam_3_10_019.tif,data/train/dem/potsdam_3_10_019.tif,512,512,EPSG:32633,38.8,61.06,22.26
potsdam_3_10_020,3_10,potsdam,urban,train,data/train/images/potsdam_3_10_020.tif,data/train/dem/potsdam_3_10_020.tif,512,512,EPSG:32633,41.16,64.33,23.17
potsdam_3_10_021,3_10,potsdam,urban,train,data/train/images/potsdam_3_10_021.tif,data/train/dem/potsdam_3_10_021.tif,512,512,EPSG:32633,41.61,55.83,14.22
potsdam_3_10_022,3_10,potsdam,urban,train,data/train/images/potsdam_3_10_022.tif,data/train/dem/potsdam_3_10_022.tif,512,512,EPSG:32633,40.14,60.23,20.09
potsdam_3_10_023,3_10,potsdam,urban,train,data/train/images/potsdam_3_10_023.tif,data/train/dem/potsdam_3_10_023.tif,512,512,EPSG:32633,40.58,56.08,15.5
potsdam_3_10_024,3_10,potsdam,urban,train,data/train/images/potsdam_3_10_024.tif,data/train/dem/potsdam_3_10_024.tif,512,512,EPSG:32633,35.29,59.08,23.79
potsdam_3_14_000,3_14,potsdam,urban,train,data/train/images/potsdam_3_14_000.tif,data/train/dem/potsdam_3_14_000.tif,512,512,EPSG:32633,32.48,52.84,20.36
potsdam_3_14_001,3_14,potsdam,urban,train,data/train/images/potsdam_3_14_001.tif,data/train/dem/potsdam_3_14_001.tif,512,512,EPSG:32633,31.73,49.49,17.76
potsdam_3_14_002,3_14,potsdam,urban,train,data/train/images/potsdam_3_14_002.tif,data/train/dem/potsdam_3_14_002.tif,512,512,EPSG:32633,30.34,51.23,20.89
potsdam_3_14_003,3_14,potsdam,urban,train,data/train/images/potsdam_3_14_003.tif,data/train/dem/potsdam_3_14_003.tif,512,512,EPSG:32633,29.67,39.44,9.77
potsdam_3_14_004,3_14,potsdam,urban,train,data/train/images/potsdam_3_14_004.tif,data/train/dem/potsdam_3_14_004.tif,512,512,EPSG:32633,29.54,54.06,24.51
potsdam_3_14_005,3_14,potsdam,urban,train,data/train/images/potsdam_3_14_005.tif,data/train/dem/potsdam_3_14_005.tif,512,512,EPSG:32633,31.5,51.28,19.78
potsdam_3_14_006,3_14,potsdam,urban,train,data/train/images/potsdam_3_14_006.tif,data/train/dem/potsdam_3_14_006.tif,512,512,EPSG:32633,25.82,53.81,27.98
potsdam_3_14_007,3_14,potsdam,urban,train,data/train/images/potsdam_3_14_007.tif,data/train/dem/potsdam_3_14_007.tif,512,512,EPSG:32633,27.76,41.04,13.27
potsdam_3_14_008,3_14,potsdam,urban,train,data/train/images/potsdam_3_14_008.tif,data/train/dem/potsdam_3_14_008.tif,512,512,EPSG:32633,30.86,42.72,11.85
potsdam_3_14_009,3_14,potsdam,urban,train,data/train/images/potsdam_3_14_009.tif,data/train/dem/potsdam_3_14_009.tif,512,512,EPSG:32633,31.82,46.77,14.96
potsdam_3_14_010,3_14,potsdam,urban,train,data/train/images/potsdam_3_14_010.tif,data/train/dem/potsdam_3_14_010.tif,512,512,EPSG:32633,31.61,47.78,16.17
potsdam_3_14_011,3_14,potsdam,urban,train,data/train/images/potsdam_3_14_011.tif,data/train/dem/potsdam_3_14_011.tif,512,512,EPSG:32633,23.87,48.31,24.44
potsdam_3_14_012,3_14,potsdam,urban,train,data/train/images/potsdam_3_14_012.tif,data/train/dem/potsdam_3_14_012.tif,512,512,EPSG:32633,29.31,45.9,16.59
potsdam_3_14_013,3_14,potsdam,urban,train,data/train/images/potsdam_3_14_013.tif,data/train/dem/potsdam_3_14_013.tif,512,512,EPSG:32633,29.28,50.46,21.18
potsdam_3_14_014,3_14,potsdam,urban,train,data/train/images/potsdam_3_14_014.tif,data/train/dem/potsdam_3_14_014.tif,512,512,EPSG:32633,31.65,41.13,9.48
potsdam_3_14_015,3_14,potsdam,urban,train,data/train/images/potsdam_3_14_015.tif,data/train/dem/potsdam_3_14_015.tif,512,512,EPSG:32633,30.87,49.2,18.32
potsdam_3_14_016,3_14,potsdam,urban,train,data/train/images/potsdam_3_14_016.tif,data/train/dem/potsdam_3_14_016.tif,512,512,EPSG:32633,31.17,48.47,17.31
potsdam_3_14_017,3_14,potsdam,urban,train,data/train/images/potsdam_3_14_017.tif,data/train/dem/potsdam_3_14_017.tif,512,512,EPSG:32633,31.45,50.4,18.95
potsdam_3_14_018,3_14,potsdam,urban,train,data/train/images/potsdam_3_14_018.tif,data/train/dem/potsdam_3_14_018.tif,512,512,EPSG:32633,28.04,48.87,20.83
potsdam_3_14_019,3_14,potsdam,urban,train,data/train/images/potsdam_3_14_019.tif,data/train/dem/potsdam_3_14_019.tif,512,512,EPSG:32633,29.04,39.93,10.89
potsdam_3_14_020,3_14,potsdam,urban,train,data/train/images/potsdam_3_14_020.tif,data/train/dem/potsdam_3_14_020.tif,512,512,EPSG:32633,30.79,46.47,15.68
potsdam_3_14_021,3_14,potsdam,urban,train,data/train/images/potsdam_3_14_021.tif,data/train/dem/potsdam_3_14_021.tif,512,512,EPSG:32633,29.49,47.03,17.54
potsdam_3_14_022,3_14,potsdam,urban,train,data/train/images/potsdam_3_14_022.tif,data/train/dem/potsdam_3_14_022.tif,512,512,EPSG:32633,29.11,41.99,12.87
potsdam_3_14_023,3_14,potsdam,urban,train,data/train/images/potsdam_3_14_023.tif,data/train/dem/potsdam_3_14_023.tif,512,512,EPSG:32633,29.97,50.52,20.54
potsdam_3_14_024,3_14,potsdam,urban,train,data/train/images/potsdam_3_14_024.tif,data/train/dem/potsdam_3_14_024.tif,512,512,EPSG:32633,27.61,53.02,25.41
potsdam_4_10_000,4_10,potsdam,urban,train,data/train/images/potsdam_4_10_000.tif,data/train/dem/potsdam_4_10_000.tif,512,512,EPSG:32633,41.42,60.98,19.56
potsdam_4_10_001,4_10,potsdam,urban,train,data/train/images/potsdam_4_10_001.tif,data/train/dem/potsdam_4_10_001.tif,512,512,EPSG:32633,44.95,57.52,12.58
potsdam_4_10_002,4_10,potsdam,urban,train,data/train/images/potsdam_4_10_002.tif,data/train/dem/potsdam_4_10_002.tif,512,512,EPSG:32633,43.5,62.4,18.9
potsdam_4_10_003,4_10,potsdam,urban,train,data/train/images/potsdam_4_10_003.tif,data/train/dem/potsdam_4_10_003.tif,512,512,EPSG:32633,42.83,64.25,21.42
potsdam_4_10_004,4_10,potsdam,urban,train,data/train/images/potsdam_4_10_004.tif,data/train/dem/potsdam_4_10_004.tif,512,512,EPSG:32633,38.96,56.96,18.0
potsdam_4_10_005,4_10,potsdam,urban,train,data/train/images/potsdam_4_10_005.tif,data/train/dem/potsdam_4_10_005.tif,512,512,EPSG:32633,45.66,57.78,12.12
potsdam_4_10_006,4_10,potsdam,urban,train,data/train/images/potsdam_4_10_006.tif,data/train/dem/potsdam_4_10_006.tif,512,512,EPSG:32633,47.18,65.99,18.81
potsdam_4_10_007,4_10,potsdam,urban,train,data/train/images/potsdam_4_10_007.tif,data/train/dem/potsdam_4_10_007.tif,512,512,EPSG:32633,44.11,65.16,21.05
potsdam_4_10_008,4_10,potsdam,urban,train,data/train/images/potsdam_4_10_008.tif,data/train/dem/potsdam_4_10_008.tif,512,512,EPSG:32633,40.53,59.94,19.41
potsdam_4_10_009,4_10,potsdam,urban,train,data/train/images/potsdam_4_10_009.tif,data/train/dem/potsdam_4_10_009.tif,512,512,EPSG:32633,39.65,60.52,20.87
potsdam_4_10_010,4_10,potsdam,urban,train,data/train/images/potsdam_4_10_010.tif,data/train/dem/potsdam_4_10_010.tif,512,512,EPSG:32633,47.32,67.87,20.55
potsdam_4_10_011,4_10,potsdam,urban,train,data/train/images/potsdam_4_10_011.tif,data/train/dem/potsdam_4_10_011.tif,512,512,EPSG:32633,48.89,62.03,13.15
potsdam_4_10_012,4_10,potsdam,urban,train,data/train/images/potsdam_4_10_012.tif,data/train/dem/potsdam_4_10_012.tif,512,512,EPSG:32633,40.41,61.66,21.25
potsdam_4_10_013,4_10,potsdam,urban,train,data/train/images/potsdam_4_10_013.tif,data/train/dem/potsdam_4_10_013.tif,512,512,EPSG:32633,37.55,49.53,11.98
potsdam_4_10_014,4_10,potsdam,urban,train,data/train/images/potsdam_4_10_014.tif,data/train/dem/potsdam_4_10_014.tif,512,512,EPSG:32633,35.38,51.12,15.74
potsdam_4_10_015,4_10,potsdam,urban,train,data/train/images/potsdam_4_10_015.tif,data/train/dem/potsdam_4_10_015.tif,512,512,EPSG:32633,50.58,74.58,24.01
potsdam_4_10_016,4_10,potsdam,urban,train,data/train/images/potsdam_4_10_016.tif,data/train/dem/potsdam_4_10_016.tif,512,512,EPSG:32633,40.42,71.39,30.97
potsdam_4_10_017,4_10,potsdam,urban,train,data/train/images/potsdam_4_10_017.tif,data/train/dem/potsdam_4_10_017.tif,512,512,EPSG:32633,26.53,67.5,40.96
potsdam_4_10_018,4_10,potsdam,urban,train,data/train/images/potsdam_4_10_018.tif,data/train/dem/potsdam_4_10_018.tif,512,512,EPSG:32633,29.55,54.38,24.83
potsdam_4_10_019,4_10,potsdam,urban,train,data/train/images/potsdam_4_10_019.tif,data/train/dem/potsdam_4_10_019.tif,512,512,EPSG:32633,32.74,46.28,13.54
potsdam_4_10_020,4_10,potsdam,urban,train,data/train/images/potsdam_4_10_020.tif,data/train/dem/potsdam_4_10_020.tif,512,512,EPSG:32633,35.61,54.23,18.62
potsdam_4_10_021,4_10,potsdam,urban,train,data/train/images/potsdam_4_10_021.tif,data/train/dem/potsdam_4_10_021.tif,512,512,EPSG:32633,32.83,50.65,17.82
potsdam_4_10_022,4_10,potsdam,urban,train,data/train/images/potsdam_4_10_022.tif,data/train/dem/potsdam_4_10_022.tif,512,512,EPSG:32633,32.04,48.4,16.36
potsdam_4_10_023,4_10,potsdam,urban,train,data/train/images/potsdam_4_10_023.tif,data/train/dem/potsdam_4_10_023.tif,512,512,EPSG:32633,31.97,48.2,16.22
potsdam_4_10_024,4_10,potsdam,urban,train,data/train/images/potsdam_4_10_024.tif,data/train/dem/potsdam_4_10_024.tif,512,512,EPSG:32633,29.03,47.39,18.36
potsdam_4_11_000,4_11,potsdam,urban,train,data/train/images/potsdam_4_11_000.tif,data/train/dem/potsdam_4_11_000.tif,512,512,EPSG:32633,37.02,52.59,15.56
potsdam_4_11_001,4_11,potsdam,urban,train,data/train/images/potsdam_4_11_001.tif,data/train/dem/potsdam_4_11_001.tif,512,512,EPSG:32633,34.01,53.35,19.35
potsdam_4_11_002,4_11,potsdam,urban,train,data/train/images/potsdam_4_11_002.tif,data/train/dem/potsdam_4_11_002.tif,512,512,EPSG:32633,34.31,49.96,15.64
potsdam_4_11_003,4_11,potsdam,urban,train,data/train/images/potsdam_4_11_003.tif,data/train/dem/potsdam_4_11_003.tif,512,512,EPSG:32633,30.05,53.81,23.76
potsdam_4_11_004,4_11,potsdam,urban,train,data/train/images/potsdam_4_11_004.tif,data/train/dem/potsdam_4_11_004.tif,512,512,EPSG:32633,30.11,43.11,13.0
potsdam_4_11_005,4_11,potsdam,urban,train,data/train/images/potsdam_4_11_005.tif,data/train/dem/potsdam_4_11_005.tif,512,512,EPSG:32633,35.16,53.54,18.37
potsdam_4_11_006,4_11,potsdam,urban,train,data/train/images/potsdam_4_11_006.tif,data/train/dem/potsdam_4_11_006.tif,512,512,EPSG:32633,33.49,64.96,31.48
potsdam_4_11_007,4_11,potsdam,urban,train,data/train/images/potsdam_4_11_007.tif,data/train/dem/potsdam_4_11_007.tif,512,512,EPSG:32633,33.51,44.84,11.33
potsdam_4_11_008,4_11,potsdam,urban,train,data/train/images/potsdam_4_11_008.tif,data/train/dem/potsdam_4_11_008.tif,512,512,EPSG:32633,30.93,49.01,18.08
potsdam_4_11_009,4_11,potsdam,urban,train,data/train/images/potsdam_4_11_009.tif,data/train/dem/potsdam_4_11_009.tif,512,512,EPSG:32633,32.86,53.97,21.12
potsdam_4_11_010,4_11,potsdam,urban,train,data/train/images/potsdam_4_11_010.tif,data/train/dem/potsdam_4_11_010.tif,512,512,EPSG:32633,33.44,50.0,16.56
potsdam_4_11_011,4_11,potsdam,urban,train,data/train/images/potsdam_4_11_011.tif,data/train/dem/potsdam_4_11_011.tif,512,512,EPSG:32633,31.8,52.51,20.71
potsdam_4_11_012,4_11,potsdam,urban,train,data/train/images/potsdam_4_11_012.tif,data/train/dem/potsdam_4_11_012.tif,512,512,EPSG:32633,31.97,50.84,18.88
potsdam_4_11_013,4_11,potsdam,urban,train,data/train/images/potsdam_4_11_013.tif,data/train/dem/potsdam_4_11_013.tif,512,512,EPSG:32633,30.78,47.38,16.61
potsdam_4_11_014,4_11,potsdam,urban,train,data/train/images/potsdam_4_11_014.tif,data/train/dem/potsdam_4_11_014.tif,512,512,EPSG:32633,31.54,52.06,20.51
potsdam_4_11_015,4_11,potsdam,urban,train,data/train/images/potsdam_4_11_015.tif,data/train/dem/potsdam_4_11_015.tif,512,512,EPSG:32633,30.38,47.37,16.99
potsdam_4_11_016,4_11,potsdam,urban,train,data/train/images/potsdam_4_11_016.tif,data/train/dem/potsdam_4_11_016.tif,512,512,EPSG:32633,30.85,55.81,24.96
potsdam_4_11_017,4_11,potsdam,urban,train,data/train/images/potsdam_4_11_017.tif,data/train/dem/potsdam_4_11_017.tif,512,512,EPSG:32633,30.0,50.05,20.05
potsdam_4_11_018,4_11,potsdam,urban,train,data/train/images/potsdam_4_11_018.tif,data/train/dem/potsdam_4_11_018.tif,512,512,EPSG:32633,27.82,47.42,19.6
potsdam_4_11_019,4_11,potsdam,urban,train,data/train/images/potsdam_4_11_019.tif,data/train/dem/potsdam_4_11_019.tif,512,512,EPSG:32633,30.04,47.08,17.04
potsdam_4_11_020,4_11,potsdam,urban,train,data/train/images/potsdam_4_11_020.tif,data/train/dem/potsdam_4_11_020.tif,512,512,EPSG:32633,30.02,40.2,10.18
potsdam_4_11_021,4_11,potsdam,urban,train,data/train/images/potsdam_4_11_021.tif,data/train/dem/potsdam_4_11_021.tif,512,512,EPSG:32633,28.73,45.59,16.86
potsdam_4_11_022,4_11,potsdam,urban,train,data/train/images/potsdam_4_11_022.tif,data/train/dem/potsdam_4_11_022.tif,512,512,EPSG:32633,28.37,50.47,22.1
potsdam_4_11_023,4_11,potsdam,urban,train,data/train/images/potsdam_4_11_023.tif,data/train/dem/potsdam_4_11_023.tif,512,512,EPSG:32633,29.81,42.37,12.56
potsdam_4_11_024,4_11,potsdam,urban,train,data/train/images/potsdam_4_11_024.tif,data/train/dem/potsdam_4_11_024.tif,512,512,EPSG:32633,30.48,46.25,15.77
potsdam_4_12_000,4_12,potsdam,urban,train,data/train/images/potsdam_4_12_000.tif,data/train/dem/potsdam_4_12_000.tif,512,512,EPSG:32633,31.29,51.41,20.12
potsdam_4_12_001,4_12,potsdam,urban,train,data/train/images/potsdam_4_12_001.tif,data/train/dem/potsdam_4_12_001.tif,512,512,EPSG:32633,35.25,50.22,14.97
potsdam_4_12_002,4_12,potsdam,urban,train,data/train/images/potsdam_4_12_002.tif,data/train/dem/potsdam_4_12_002.tif,512,512,EPSG:32633,33.79,41.61,7.82
potsdam_4_12_003,4_12,potsdam,urban,train,data/train/images/potsdam_4_12_003.tif,data/train/dem/potsdam_4_12_003.tif,512,512,EPSG:32633,31.91,58.05,26.15
potsdam_4_12_004,4_12,potsdam,urban,train,data/train/images/potsdam_4_12_004.tif,data/train/dem/potsdam_4_12_004.tif,512,512,EPSG:32633,31.91,55.4,23.49
potsdam_4_12_005,4_12,potsdam,urban,train,data/train/images/potsdam_4_12_005.tif,data/train/dem/potsdam_4_12_005.tif,512,512,EPSG:32633,33.22,54.64,21.42
potsdam_4_12_006,4_12,potsdam,urban,train,data/train/images/potsdam_4_12_006.tif,data/train/dem/potsdam_4_12_006.tif,512,512,EPSG:32633,29.89,52.47,22.59
potsdam_4_12_007,4_12,potsdam,urban,train,data/train/images/potsdam_4_12_007.tif,data/train/dem/potsdam_4_12_007.tif,512,512,EPSG:32633,32.92,48.11,15.2
potsdam_4_12_008,4_12,potsdam,urban,train,data/train/images/potsdam_4_12_008.tif,data/train/dem/potsdam_4_12_008.tif,512,512,EPSG:32633,29.55,45.07,15.52
potsdam_4_12_009,4_12,potsdam,urban,train,data/train/images/potsdam_4_12_009.tif,data/train/dem/potsdam_4_12_009.tif,512,512,EPSG:32633,25.69,66.6,40.91
potsdam_4_12_010,4_12,potsdam,urban,train,data/train/images/potsdam_4_12_010.tif,data/train/dem/potsdam_4_12_010.tif,512,512,EPSG:32633,30.57,44.84,14.27
potsdam_4_12_011,4_12,potsdam,urban,train,data/train/images/potsdam_4_12_011.tif,data/train/dem/potsdam_4_12_011.tif,512,512,EPSG:32633,31.99,54.35,22.36
potsdam_4_12_012,4_12,potsdam,urban,train,data/train/images/potsdam_4_12_012.tif,data/train/dem/potsdam_4_12_012.tif,512,512,EPSG:32633,31.96,45.26,13.31
potsdam_4_12_013,4_12,potsdam,urban,train,data/train/images/potsdam_4_12_013.tif,data/train/dem/potsdam_4_12_013.tif,512,512,EPSG:32633,32.15,43.84,11.69
potsdam_4_12_014,4_12,potsdam,urban,train,data/train/images/potsdam_4_12_014.tif,data/train/dem/potsdam_4_12_014.tif,512,512,EPSG:32633,30.56,44.25,13.69
potsdam_4_12_015,4_12,potsdam,urban,train,data/train/images/potsdam_4_12_015.tif,data/train/dem/potsdam_4_12_015.tif,512,512,EPSG:32633,29.7,37.76,8.05
potsdam_4_12_016,4_12,potsdam,urban,train,data/train/images/potsdam_4_12_016.tif,data/train/dem/potsdam_4_12_016.tif,512,512,EPSG:32633,29.42,36.44,7.02
potsdam_4_12_017,4_12,potsdam,urban,train,data/train/images/potsdam_4_12_017.tif,data/train/dem/potsdam_4_12_017.tif,512,512,EPSG:32633,30.25,64.06,33.81
potsdam_4_12_018,4_12,potsdam,urban,train,data/train/images/potsdam_4_12_018.tif,data/train/dem/potsdam_4_12_018.tif,512,512,EPSG:32633,31.42,65.12,33.7
potsdam_4_12_019,4_12,potsdam,urban,train,data/train/images/potsdam_4_12_019.tif,data/train/dem/potsdam_4_12_019.tif,512,512,EPSG:32633,28.93,39.96,11.03
potsdam_4_12_020,4_12,potsdam,urban,train,data/train/images/potsdam_4_12_020.tif,data/train/dem/potsdam_4_12_020.tif,512,512,EPSG:32633,27.34,50.6,23.26
potsdam_4_12_021,4_12,potsdam,urban,train,data/train/images/potsdam_4_12_021.tif,data/train/dem/potsdam_4_12_021.tif,512,512,EPSG:32633,31.92,53.6,21.67
potsdam_4_12_022,4_12,potsdam,urban,train,data/train/images/potsdam_4_12_022.tif,data/train/dem/potsdam_4_12_022.tif,512,512,EPSG:32633,30.7,45.26,14.56
potsdam_4_12_023,4_12,potsdam,urban,train,data/train/images/potsdam_4_12_023.tif,data/train/dem/potsdam_4_12_023.tif,512,512,EPSG:32633,28.73,46.0,17.27
potsdam_4_12_024,4_12,potsdam,urban,train,data/train/images/potsdam_4_12_024.tif,data/train/dem/potsdam_4_12_024.tif,512,512,EPSG:32633,31.5,50.69,19.19
potsdam_4_13_000,4_13,potsdam,urban,train,data/train/images/potsdam_4_13_000.tif,data/train/dem/potsdam_4_13_000.tif,512,512,EPSG:32633,30.53,50.46,19.93
potsdam_4_13_001,4_13,potsdam,urban,train,data/train/images/potsdam_4_13_001.tif,data/train/dem/potsdam_4_13_001.tif,512,512,EPSG:32633,28.79,51.04,22.26
potsdam_4_13_002,4_13,potsdam,urban,train,data/train/images/potsdam_4_13_002.tif,data/train/dem/potsdam_4_13_002.tif,512,512,EPSG:32633,27.69,50.27,22.58
potsdam_4_13_003,4_13,potsdam,urban,train,data/train/images/potsdam_4_13_003.tif,data/train/dem/potsdam_4_13_003.tif,512,512,EPSG:32633,28.95,49.72,20.77
potsdam_4_13_004,4_13,potsdam,urban,train,data/train/images/potsdam_4_13_004.tif,data/train/dem/potsdam_4_13_004.tif,512,512,EPSG:32633,29.67,47.81,18.14
potsdam_4_13_005,4_13,potsdam,urban,train,data/train/images/potsdam_4_13_005.tif,data/train/dem/potsdam_4_13_005.tif,512,512,EPSG:32633,29.71,49.43,19.72
potsdam_4_13_006,4_13,potsdam,urban,train,data/train/images/potsdam_4_13_006.tif,data/train/dem/potsdam_4_13_006.tif,512,512,EPSG:32633,27.93,48.82,20.89
potsdam_4_13_007,4_13,potsdam,urban,train,data/train/images/potsdam_4_13_007.tif,data/train/dem/potsdam_4_13_007.tif,512,512,EPSG:32633,28.95,46.35,17.41
potsdam_4_13_008,4_13,potsdam,urban,train,data/train/images/potsdam_4_13_008.tif,data/train/dem/potsdam_4_13_008.tif,512,512,EPSG:32633,29.2,45.11,15.91
potsdam_4_13_009,4_13,potsdam,urban,train,data/train/images/potsdam_4_13_009.tif,data/train/dem/potsdam_4_13_009.tif,512,512,EPSG:32633,25.43,45.84,20.41
potsdam_4_13_010,4_13,potsdam,urban,train,data/train/images/potsdam_4_13_010.tif,data/train/dem/potsdam_4_13_010.tif,512,512,EPSG:32633,25.72,50.58,24.86
potsdam_4_13_011,4_13,potsdam,urban,train,data/train/images/potsdam_4_13_011.tif,data/train/dem/potsdam_4_13_011.tif,512,512,EPSG:32633,30.35,49.83,19.47
potsdam_4_13_012,4_13,potsdam,urban,train,data/train/images/potsdam_4_13_012.tif,data/train/dem/potsdam_4_13_012.tif,512,512,EPSG:32633,29.38,45.51,16.13
potsdam_4_13_013,4_13,potsdam,urban,train,data/train/images/potsdam_4_13_013.tif,data/train/dem/potsdam_4_13_013.tif,512,512,EPSG:32633,27.03,38.74,11.71
potsdam_4_13_014,4_13,potsdam,urban,train,data/train/images/potsdam_4_13_014.tif,data/train/dem/potsdam_4_13_014.tif,512,512,EPSG:32633,29.24,54.15,24.91
potsdam_4_13_015,4_13,potsdam,urban,train,data/train/images/potsdam_4_13_015.tif,data/train/dem/potsdam_4_13_015.tif,512,512,EPSG:32633,26.4,47.66,21.26
potsdam_4_13_016,4_13,potsdam,urban,train,data/train/images/potsdam_4_13_016.tif,data/train/dem/potsdam_4_13_016.tif,512,512,EPSG:32633,32.04,52.69,20.65
potsdam_4_13_017,4_13,potsdam,urban,train,data/train/images/potsdam_4_13_017.tif,data/train/dem/potsdam_4_13_017.tif,512,512,EPSG:32633,29.63,48.21,18.58
potsdam_4_13_018,4_13,potsdam,urban,train,data/train/images/potsdam_4_13_018.tif,data/train/dem/potsdam_4_13_018.tif,512,512,EPSG:32633,30.85,52.61,21.76
potsdam_4_13_019,4_13,potsdam,urban,train,data/train/images/potsdam_4_13_019.tif,data/train/dem/potsdam_4_13_019.tif,512,512,EPSG:32633,31.25,52.17,20.92
potsdam_4_13_020,4_13,potsdam,urban,train,data/train/images/potsdam_4_13_020.tif,data/train/dem/potsdam_4_13_020.tif,512,512,EPSG:32633,32.0,54.45,22.46
potsdam_4_13_021,4_13,potsdam,urban,train,data/train/images/potsdam_4_13_021.tif,data/train/dem/potsdam_4_13_021.tif,512,512,EPSG:32633,30.8,54.03,23.23
potsdam_4_13_022,4_13,potsdam,urban,train,data/train/images/potsdam_4_13_022.tif,data/train/dem/potsdam_4_13_022.tif,512,512,EPSG:32633,28.03,49.28,21.25
potsdam_4_13_023,4_13,potsdam,urban,train,data/train/images/potsdam_4_13_023.tif,data/train/dem/potsdam_4_13_023.tif,512,512,EPSG:32633,27.28,45.58,18.3
potsdam_4_13_024,4_13,potsdam,urban,train,data/train/images/potsdam_4_13_024.tif,data/train/dem/potsdam_4_13_024.tif,512,512,EPSG:32633,31.31,46.93,15.62
potsdam_5_10_000,5_10,potsdam,urban,train,data/train/images/potsdam_5_10_000.tif,data/train/dem/potsdam_5_10_000.tif,512,512,EPSG:32633,29.07,44.25,15.18
potsdam_5_10_001,5_10,potsdam,urban,train,data/train/images/potsdam_5_10_001.tif,data/train/dem/potsdam_5_10_001.tif,512,512,EPSG:32633,30.01,41.06,11.05
potsdam_5_10_002,5_10,potsdam,urban,train,data/train/images/potsdam_5_10_002.tif,data/train/dem/potsdam_5_10_002.tif,512,512,EPSG:32633,29.26,41.49,12.22
potsdam_5_10_003,5_10,potsdam,urban,train,data/train/images/potsdam_5_10_003.tif,data/train/dem/potsdam_5_10_003.tif,512,512,EPSG:32633,31.42,47.61,16.19
potsdam_5_10_004,5_10,potsdam,urban,train,data/train/images/potsdam_5_10_004.tif,data/train/dem/potsdam_5_10_004.tif,512,512,EPSG:32633,31.7,47.85,16.16
potsdam_5_10_005,5_10,potsdam,urban,train,data/train/images/potsdam_5_10_005.tif,data/train/dem/potsdam_5_10_005.tif,512,512,EPSG:32633,27.83,52.3,24.47
potsdam_5_10_006,5_10,potsdam,urban,train,data/train/images/potsdam_5_10_006.tif,data/train/dem/potsdam_5_10_006.tif,512,512,EPSG:32633,30.92,35.65,4.73
potsdam_5_10_007,5_10,potsdam,urban,train,data/train/images/potsdam_5_10_007.tif,data/train/dem/potsdam_5_10_007.tif,512,512,EPSG:32633,31.65,42.16,10.5
potsdam_5_10_008,5_10,potsdam,urban,train,data/train/images/potsdam_5_10_008.tif,data/train/dem/potsdam_5_10_008.tif,512,512,EPSG:32633,30.45,44.29,13.84
potsdam_5_10_009,5_10,potsdam,urban,train,data/train/images/potsdam_5_10_009.tif,data/train/dem/potsdam_5_10_009.tif,512,512,EPSG:32633,30.64,58.71,28.07
potsdam_5_10_010,5_10,potsdam,urban,train,data/train/images/potsdam_5_10_010.tif,data/train/dem/potsdam_5_10_010.tif,512,512,EPSG:32633,29.41,59.07,29.66
potsdam_5_10_011,5_10,potsdam,urban,train,data/train/images/potsdam_5_10_011.tif,data/train/dem/potsdam_5_10_011.tif,512,512,EPSG:32633,28.28,43.14,14.86
potsdam_5_10_012,5_10,potsdam,urban,train,data/train/images/potsdam_5_10_012.tif,data/train/dem/potsdam_5_10_012.tif,512,512,EPSG:32633,29.47,38.57,9.1
potsdam_5_10_013,5_10,potsdam,urban,train,data/train/images/potsdam_5_10_013.tif,data/train/dem/potsdam_5_10_013.tif,512,512,EPSG:32633,24.91,41.89,16.98
potsdam_5_10_014,5_10,potsdam,urban,train,data/train/images/potsdam_5_10_014.tif,data/train/dem/potsdam_5_10_014.tif,512,512,EPSG:32633,29.54,44.24,14.7
potsdam_5_10_015,5_10,potsdam,urban,train,data/train/images/potsdam_5_10_015.tif,data/train/dem/potsdam_5_10_015.tif,512,512,EPSG:32633,29.31,36.9,7.59
potsdam_5_10_016,5_10,potsdam,urban,train,data/train/images/potsdam_5_10_016.tif,data/train/dem/potsdam_5_10_016.tif,512,512,EPSG:32633,24.22,65.45,41.23
potsdam_5_10_017,5_10,potsdam,urban,train,data/train/images/potsdam_5_10_017.tif,data/train/dem/potsdam_5_10_017.tif,512,512,EPSG:32633,31.36,46.56,15.2
potsdam_5_10_018,5_10,potsdam,urban,train,data/train/images/potsdam_5_10_018.tif,data/train/dem/potsdam_5_10_018.tif,512,512,EPSG:32633,30.53,41.42,10.89
potsdam_5_10_019,5_10,potsdam,urban,train,data/train/images/potsdam_5_10_019.tif,data/train/dem/potsdam_5_10_019.tif,512,512,EPSG:32633,27.41,55.57,28.16
potsdam_5_10_020,5_10,potsdam,urban,train,data/train/images/potsdam_5_10_020.tif,data/train/dem/potsdam_5_10_020.tif,512,512,EPSG:32633,30.39,51.04,20.65
potsdam_5_10_021,5_10,potsdam,urban,train,data/train/images/potsdam_5_10_021.tif,data/train/dem/potsdam_5_10_021.tif,512,512,EPSG:32633,31.22,42.47,11.25
potsdam_5_10_022,5_10,potsdam,urban,train,data/train/images/potsdam_5_10_022.tif,data/train/dem/potsdam_5_10_022.tif,512,512,EPSG:32633,29.65,53.16,23.51
potsdam_5_10_023,5_10,potsdam,urban,train,data/train/images/potsdam_5_10_023.tif,data/train/dem/potsdam_5_10_023.tif,512,512,EPSG:32633,30.12,35.21,5.08
potsdam_5_10_024,5_10,potsdam,urban,train,data/train/images/potsdam_5_10_024.tif,data/train/dem/potsdam_5_10_024.tif,512,512,EPSG:32633,29.16,53.67,24.51
potsdam_5_12_000,5_12,potsdam,urban,train,data/train/images/potsdam_5_12_000.tif,data/train/dem/potsdam_5_12_000.tif,512,512,EPSG:32633,30.99,40.2,9.2
potsdam_5_12_001,5_12,potsdam,urban,train,data/train/images/potsdam_5_12_001.tif,data/train/dem/potsdam_5_12_001.tif,512,512,EPSG:32633,31.37,46.62,15.25
potsdam_5_12_002,5_12,potsdam,urban,train,data/train/images/potsdam_5_12_002.tif,data/train/dem/potsdam_5_12_002.tif,512,512,EPSG:32633,31.43,50.62,19.19
potsdam_5_12_003,5_12,potsdam,urban,train,data/train/images/potsdam_5_12_003.tif,data/train/dem/potsdam_5_12_003.tif,512,512,EPSG:32633,31.0,53.14,22.13
potsdam_5_12_004,5_12,potsdam,urban,train,data/train/images/potsdam_5_12_004.tif,data/train/dem/potsdam_5_12_004.tif,512,512,EPSG:32633,29.45,46.18,16.74
potsdam_5_12_005,5_12,potsdam,urban,train,data/train/images/potsdam_5_12_005.tif,data/train/dem/potsdam_5_12_005.tif,512,512,EPSG:32633,31.04,45.51,14.48
potsdam_5_12_006,5_12,potsdam,urban,train,data/train/images/potsdam_5_12_006.tif,data/train/dem/potsdam_5_12_006.tif,512,512,EPSG:32633,29.16,48.36,19.21
potsdam_5_12_007,5_12,potsdam,urban,train,data/train/images/potsdam_5_12_007.tif,data/train/dem/potsdam_5_12_007.tif,512,512,EPSG:32633,30.78,48.44,17.66
potsdam_5_12_008,5_12,potsdam,urban,train,data/train/images/potsdam_5_12_008.tif,data/train/dem/potsdam_5_12_008.tif,512,512,EPSG:32633,31.44,46.44,15.0
potsdam_5_12_009,5_12,potsdam,urban,train,data/train/images/potsdam_5_12_009.tif,data/train/dem/potsdam_5_12_009.tif,512,512,EPSG:32633,31.62,50.17,18.55
potsdam_5_12_010,5_12,potsdam,urban,train,data/train/images/potsdam_5_12_010.tif,data/train/dem/potsdam_5_12_010.tif,512,512,EPSG:32633,29.98,45.61,15.62
potsdam_5_12_011,5_12,potsdam,urban,train,data/train/images/potsdam_5_12_011.tif,data/train/dem/potsdam_5_12_011.tif,512,512,EPSG:32633,31.79,47.67,15.88
potsdam_5_12_012,5_12,potsdam,urban,train,data/train/images/potsdam_5_12_012.tif,data/train/dem/potsdam_5_12_012.tif,512,512,EPSG:32633,30.43,44.95,14.52
potsdam_5_12_013,5_12,potsdam,urban,train,data/train/images/potsdam_5_12_013.tif,data/train/dem/potsdam_5_12_013.tif,512,512,EPSG:32633,30.88,48.44,17.56
potsdam_5_12_014,5_12,potsdam,urban,train,data/train/images/potsdam_5_12_014.tif,data/train/dem/potsdam_5_12_014.tif,512,512,EPSG:32633,30.98,49.16,18.18
potsdam_5_12_015,5_12,potsdam,urban,train,data/train/images/potsdam_5_12_015.tif,data/train/dem/potsdam_5_12_015.tif,512,512,EPSG:32633,31.76,51.33,19.56
potsdam_5_12_016,5_12,potsdam,urban,train,data/train/images/potsdam_5_12_016.tif,data/train/dem/potsdam_5_12_016.tif,512,512,EPSG:32633,31.12,46.6,15.48
potsdam_5_12_017,5_12,potsdam,urban,train,data/train/images/potsdam_5_12_017.tif,data/train/dem/potsdam_5_12_017.tif,512,512,EPSG:32633,31.01,44.54,13.53
potsdam_5_12_018,5_12,potsdam,urban,train,data/train/images/potsdam_5_12_018.tif,data/train/dem/potsdam_5_12_018.tif,512,512,EPSG:32633,30.98,47.37,16.39
potsdam_5_12_019,5_12,potsdam,urban,train,data/train/images/potsdam_5_12_019.tif,data/train/dem/potsdam_5_12_019.tif,512,512,EPSG:32633,30.44,44.65,14.21
potsdam_5_12_020,5_12,potsdam,urban,train,data/train/images/potsdam_5_12_020.tif,data/train/dem/potsdam_5_12_020.tif,512,512,EPSG:32633,31.71,49.05,17.34
potsdam_5_12_021,5_12,potsdam,urban,train,data/train/images/potsdam_5_12_021.tif,data/train/dem/potsdam_5_12_021.tif,512,512,EPSG:32633,31.68,56.11,24.43
potsdam_5_12_022,5_12,potsdam,urban,train,data/train/images/potsdam_5_12_022.tif,data/train/dem/potsdam_5_12_022.tif,512,512,EPSG:32633,31.19,56.78,25.59
potsdam_5_12_023,5_12,potsdam,urban,train,data/train/images/potsdam_5_12_023.tif,data/train/dem/potsdam_5_12_023.tif,512,512,EPSG:32633,31.29,46.32,15.03
potsdam_5_12_024,5_12,potsdam,urban,train,data/train/images/potsdam_5_12_024.tif,data/train/dem/potsdam_5_12_024.tif,512,512,EPSG:32633,29.42,42.35,12.92
potsdam_5_13_000,5_13,potsdam,urban,train,data/train/images/potsdam_5_13_000.tif,data/train/dem/potsdam_5_13_000.tif,512,512,EPSG:32633,29.03,44.9,15.87
potsdam_5_13_001,5_13,potsdam,urban,train,data/train/images/potsdam_5_13_001.tif,data/train/dem/potsdam_5_13_001.tif,512,512,EPSG:32633,29.95,44.76,14.81
potsdam_5_13_002,5_13,potsdam,urban,train,data/train/images/potsdam_5_13_002.tif,data/train/dem/potsdam_5_13_002.tif,512,512,EPSG:32633,30.02,45.21,15.19
potsdam_5_13_003,5_13,potsdam,urban,train,data/train/images/potsdam_5_13_003.tif,data/train/dem/potsdam_5_13_003.tif,512,512,EPSG:32633,30.69,43.64,12.95
potsdam_5_13_004,5_13,potsdam,urban,train,data/train/images/potsdam_5_13_004.tif,data/train/dem/potsdam_5_13_004.tif,512,512,EPSG:32633,28.52,46.72,18.2
potsdam_5_13_005,5_13,potsdam,urban,train,data/train/images/potsdam_5_13_005.tif,data/train/dem/potsdam_5_13_005.tif,512,512,EPSG:32633,30.3,43.8,13.5
potsdam_5_13_006,5_13,potsdam,urban,train,data/train/images/potsdam_5_13_006.tif,data/train/dem/potsdam_5_13_006.tif,512,512,EPSG:32633,29.27,43.6,14.32
potsdam_5_13_007,5_13,potsdam,urban,train,data/train/images/potsdam_5_13_007.tif,data/train/dem/potsdam_5_13_007.tif,512,512,EPSG:32633,29.0,47.09,18.09
potsdam_5_13_008,5_13,potsdam,urban,train,data/train/images/potsdam_5_13_008.tif,data/train/dem/potsdam_5_13_008.tif,512,512,EPSG:32633,28.74,44.67,15.93
potsdam_5_13_009,5_13,potsdam,urban,train,data/train/images/potsdam_5_13_009.tif,data/train/dem/potsdam_5_13_009.tif,512,512,EPSG:32633,30.66,39.8,9.14
potsdam_5_13_010,5_13,potsdam,urban,train,data/train/images/potsdam_5_13_010.tif,data/train/dem/potsdam_5_13_010.tif,512,512,EPSG:32633,31.26,47.14,15.88
potsdam_5_13_011,5_13,potsdam,urban,train,data/train/images/potsdam_5_13_011.tif,data/train/dem/potsdam_5_13_011.tif,512,512,EPSG:32633,30.81,44.36,13.55
potsdam_5_13_012,5_13,potsdam,urban,train,data/train/images/potsdam_5_13_012.tif,data/train/dem/potsdam_5_13_012.tif,512,512,EPSG:32633,29.77,44.28,14.51
potsdam_5_13_013,5_13,potsdam,urban,train,data/train/images/potsdam_5_13_013.tif,data/train/dem/potsdam_5_13_013.tif,512,512,EPSG:32633,28.5,39.67,11.17
potsdam_5_13_014,5_13,potsdam,urban,train,data/train/images/potsdam_5_13_014.tif,data/train/dem/potsdam_5_13_014.tif,512,512,EPSG:32633,28.27,47.91,19.64
potsdam_5_13_015,5_13,potsdam,urban,train,data/train/images/potsdam_5_13_015.tif,data/train/dem/potsdam_5_13_015.tif,512,512,EPSG:32633,30.57,49.31,18.75
potsdam_5_13_016,5_13,potsdam,urban,train,data/train/images/potsdam_5_13_016.tif,data/train/dem/potsdam_5_13_016.tif,512,512,EPSG:32633,29.57,35.08,5.51
potsdam_5_13_017,5_13,potsdam,urban,train,data/train/images/potsdam_5_13_017.tif,data/train/dem/potsdam_5_13_017.tif,512,512,EPSG:32633,31.23,36.13,4.9
potsdam_5_13_018,5_13,potsdam,urban,train,data/train/images/potsdam_5_13_018.tif,data/train/dem/potsdam_5_13_018.tif,512,512,EPSG:32633,27.92,42.07,14.15
potsdam_5_13_019,5_13,potsdam,urban,train,data/train/images/potsdam_5_13_019.tif,data/train/dem/potsdam_5_13_019.tif,512,512,EPSG:32633,27.75,54.79,27.04
potsdam_5_13_020,5_13,potsdam,urban,train,data/train/images/potsdam_5_13_020.tif,data/train/dem/potsdam_5_13_020.tif,512,512,EPSG:32633,29.85,49.21,19.36
potsdam_5_13_021,5_13,potsdam,urban,train,data/train/images/potsdam_5_13_021.tif,data/train/dem/potsdam_5_13_021.tif,512,512,EPSG:32633,26.74,44.72,17.98
potsdam_5_13_022,5_13,potsdam,urban,train,data/train/images/potsdam_5_13_022.tif,data/train/dem/potsdam_5_13_022.tif,512,512,EPSG:32633,31.28,60.79,29.51
potsdam_5_13_023,5_13,potsdam,urban,train,data/train/images/potsdam_5_13_023.tif,data/train/dem/potsdam_5_13_023.tif,512,512,EPSG:32633,29.89,52.32,22.43
potsdam_5_13_024,5_13,potsdam,urban,train,data/train/images/potsdam_5_13_024.tif,data/train/dem/potsdam_5_13_024.tif,512,512,EPSG:32633,28.78,33.11,4.33
potsdam_5_14_000,5_14,potsdam,urban,train,data/train/images/potsdam_5_14_000.tif,data/train/dem/potsdam_5_14_000.tif,512,512,EPSG:32633,28.25,47.49,19.24
potsdam_5_14_001,5_14,potsdam,urban,train,data/train/images/potsdam_5_14_001.tif,data/train/dem/potsdam_5_14_001.tif,512,512,EPSG:32633,30.01,50.29,20.28
potsdam_5_14_002,5_14,potsdam,urban,train,data/train/images/potsdam_5_14_002.tif,data/train/dem/potsdam_5_14_002.tif,512,512,EPSG:32633,28.95,50.02,21.07
potsdam_5_14_003,5_14,potsdam,urban,train,data/train/images/potsdam_5_14_003.tif,data/train/dem/potsdam_5_14_003.tif,512,512,EPSG:32633,31.01,49.83,18.82
potsdam_5_14_004,5_14,potsdam,urban,train,data/train/images/potsdam_5_14_004.tif,data/train/dem/potsdam_5_14_004.tif,512,512,EPSG:32633,29.74,52.22,22.48
potsdam_5_14_005,5_14,potsdam,urban,train,data/train/images/potsdam_5_14_005.tif,data/train/dem/potsdam_5_14_005.tif,512,512,EPSG:32633,28.65,44.86,16.22
potsdam_5_14_006,5_14,potsdam,urban,train,data/train/images/potsdam_5_14_006.tif,data/train/dem/potsdam_5_14_006.tif,512,512,EPSG:32633,29.93,50.8,20.87
potsdam_5_14_007,5_14,potsdam,urban,train,data/train/images/potsdam_5_14_007.tif,data/train/dem/potsdam_5_14_007.tif,512,512,EPSG:32633,28.19,48.74,20.55
potsdam_5_14_008,5_14,potsdam,urban,train,data/train/images/potsdam_5_14_008.tif,data/train/dem/potsdam_5_14_008.tif,512,512,EPSG:32633,29.37,45.14,15.77
potsdam_5_14_009,5_14,potsdam,urban,train,data/train/images/potsdam_5_14_009.tif,data/train/dem/potsdam_5_14_009.tif,512,512,EPSG:32633,28.82,48.16,19.33
potsdam_5_14_010,5_14,potsdam,urban,train,data/train/images/potsdam_5_14_010.tif,data/train/dem/potsdam_5_14_010.tif,512,512,EPSG:32633,29.18,47.15,17.96
potsdam_5_14_011,5_14,potsdam,urban,train,data/train/images/potsdam_5_14_011.tif,data/train/dem/potsdam_5_14_011.tif,512,512,EPSG:32633,30.32,37.57,7.25
potsdam_5_14_012,5_14,potsdam,urban,train,data/train/images/potsdam_5_14_012.tif,data/train/dem/potsdam_5_14_012.tif,512,512,EPSG:32633,30.69,42.22,11.52
potsdam_5_14_013,5_14,potsdam,urban,train,data/train/images/potsdam_5_14_013.tif,data/train/dem/potsdam_5_14_013.tif,512,512,EPSG:32633,29.92,45.99,16.07
potsdam_5_14_014,5_14,potsdam,urban,train,data/train/images/potsdam_5_14_014.tif,data/train/dem/potsdam_5_14_014.tif,512,512,EPSG:32633,29.46,44.15,14.69
potsdam_5_14_015,5_14,potsdam,urban,train,data/train/images/potsdam_5_14_015.tif,data/train/dem/potsdam_5_14_015.tif,512,512,EPSG:32633,27.57,37.31,9.73
potsdam_5_14_016,5_14,potsdam,urban,train,data/train/images/potsdam_5_14_016.tif,data/train/dem/potsdam_5_14_016.tif,512,512,EPSG:32633,29.5,35.08,5.58
potsdam_5_14_017,5_14,potsdam,urban,train,data/train/images/potsdam_5_14_017.tif,data/train/dem/potsdam_5_14_017.tif,512,512,EPSG:32633,30.17,44.98,14.81
potsdam_5_14_018,5_14,potsdam,urban,train,data/train/images/potsdam_5_14_018.tif,data/train/dem/potsdam_5_14_018.tif,512,512,EPSG:32633,31.47,51.23,19.76
potsdam_5_14_019,5_14,potsdam,urban,train,data/train/images/potsdam_5_14_019.tif,data/train/dem/potsdam_5_14_019.tif,512,512,EPSG:32633,29.1,52.83,23.72
potsdam_5_14_020,5_14,potsdam,urban,train,data/train/images/potsdam_5_14_020.tif,data/train/dem/potsdam_5_14_020.tif,512,512,EPSG:32633,26.24,45.39,19.14
potsdam_5_14_021,5_14,potsdam,urban,train,data/train/images/potsdam_5_14_021.tif,data/train/dem/potsdam_5_14_021.tif,512,512,EPSG:32633,30.66,62.47,31.81
potsdam_5_14_022,5_14,potsdam,urban,train,data/train/images/potsdam_5_14_022.tif,data/train/dem/potsdam_5_14_022.tif,512,512,EPSG:32633,30.44,55.09,24.65
potsdam_5_14_023,5_14,potsdam,urban,train,data/train/images/potsdam_5_14_023.tif,data/train/dem/potsdam_5_14_023.tif,512,512,EPSG:32633,31.11,54.09,22.98
potsdam_5_14_024,5_14,potsdam,urban,train,data/train/images/potsdam_5_14_024.tif,data/train/dem/potsdam_5_14_024.tif,512,512,EPSG:32633,30.52,41.31,10.79
potsdam_6_10_000,6_10,potsdam,urban,train,data/train/images/potsdam_6_10_000.tif,data/train/dem/potsdam_6_10_000.tif,512,512,EPSG:32633,30.27,46.84,16.57
potsdam_6_10_001,6_10,potsdam,urban,train,data/train/images/potsdam_6_10_001.tif,data/train/dem/potsdam_6_10_001.tif,512,512,EPSG:32633,29.87,49.16,19.29
potsdam_6_10_002,6_10,potsdam,urban,train,data/train/images/potsdam_6_10_002.tif,data/train/dem/potsdam_6_10_002.tif,512,512,EPSG:32633,28.34,53.9,25.56
potsdam_6_10_003,6_10,potsdam,urban,train,data/train/images/potsdam_6_10_003.tif,data/train/dem/potsdam_6_10_003.tif,512,512,EPSG:32633,30.64,54.53,23.9
potsdam_6_10_004,6_10,potsdam,urban,train,data/train/images/potsdam_6_10_004.tif,data/train/dem/potsdam_6_10_004.tif,512,512,EPSG:32633,31.04,47.26,16.22
potsdam_6_10_005,6_10,potsdam,urban,train,data/train/images/potsdam_6_10_005.tif,data/train/dem/potsdam_6_10_005.tif,512,512,EPSG:32633,31.21,39.42,8.21
potsdam_6_10_006,6_10,potsdam,urban,train,data/train/images/potsdam_6_10_006.tif,data/train/dem/potsdam_6_10_006.tif,512,512,EPSG:32633,28.85,53.33,24.48
potsdam_6_10_007,6_10,potsdam,urban,train,data/train/images/potsdam_6_10_007.tif,data/train/dem/potsdam_6_10_007.tif,512,512,EPSG:32633,31.43,36.42,4.99
potsdam_6_10_008,6_10,potsdam,urban,train,data/train/images/potsdam_6_10_008.tif,data/train/dem/potsdam_6_10_008.tif,512,512,EPSG:32633,30.41,38.74,8.33
potsdam_6_10_009,6_10,potsdam,urban,train,data/train/images/potsdam_6_10_009.tif,data/train/dem/potsdam_6_10_009.tif,512,512,EPSG:32633,31.7,51.59,19.89
potsdam_6_10_010,6_10,potsdam,urban,train,data/train/images/potsdam_6_10_010.tif,data/train/dem/potsdam_6_10_010.tif,512,512,EPSG:32633,29.63,50.61,20.98
potsdam_6_10_011,6_10,potsdam,urban,train,data/train/images/potsdam_6_10_011.tif,data/train/dem/potsdam_6_10_011.tif,512,512,EPSG:32633,29.95,52.9,22.95
potsdam_6_10_012,6_10,potsdam,urban,train,data/train/images/potsdam_6_10_012.tif,data/train/dem/potsdam_6_10_012.tif,512,512,EPSG:32633,30.12,41.18,11.06
potsdam_6_10_013,6_10,potsdam,urban,train,data/train/images/potsdam_6_10_013.tif,data/train/dem/potsdam_6_10_013.tif,512,512,EPSG:32633,28.78,36.33,7.55
potsdam_6_10_014,6_10,potsdam,urban,train,data/train/images/potsdam_6_10_014.tif,data/train/dem/potsdam_6_10_014.tif,512,512,EPSG:32633,29.9,42.75,12.85
potsdam_6_10_015,6_10,potsdam,urban,train,data/train/images/potsdam_6_10_015.tif,data/train/dem/potsdam_6_10_015.tif,512,512,EPSG:32633,27.91,45.47,17.56
potsdam_6_10_016,6_10,potsdam,urban,train,data/train/images/potsdam_6_10_016.tif,data/train/dem/potsdam_6_10_016.tif,512,512,EPSG:32633,29.03,52.65,23.62
potsdam_6_10_017,6_10,potsdam,urban,train,data/train/images/potsdam_6_10_017.tif,data/train/dem/potsdam_6_10_017.tif,512,512,EPSG:32633,25.98,45.34,19.36
potsdam_6_10_018,6_10,potsdam,urban,train,data/train/images/potsdam_6_10_018.tif,data/train/dem/potsdam_6_10_018.tif,512,512,EPSG:32633,31.24,52.26,21.02
potsdam_6_10_019,6_10,potsdam,urban,train,data/train/images/potsdam_6_10_019.tif,data/train/dem/potsdam_6_10_019.tif,512,512,EPSG:32633,29.48,41.85,12.37
potsdam_6_10_020,6_10,potsdam,urban,train,data/train/images/potsdam_6_10_020.tif,data/train/dem/potsdam_6_10_020.tif,512,512,EPSG:32633,29.6,50.26,20.66
potsdam_6_10_021,6_10,potsdam,urban,train,data/train/images/potsdam_6_10_021.tif,data/train/dem/potsdam_6_10_021.tif,512,512,EPSG:32633,28.63,37.49,8.86
potsdam_6_10_022,6_10,potsdam,urban,train,data/train/images/potsdam_6_10_022.tif,data/train/dem/potsdam_6_10_022.tif,512,512,EPSG:32633,30.03,43.85,13.82
potsdam_6_10_023,6_10,potsdam,urban,train,data/train/images/potsdam_6_10_023.tif,data/train/dem/potsdam_6_10_023.tif,512,512,EPSG:32633,28.83,45.88,17.06
potsdam_6_10_024,6_10,potsdam,urban,train,data/train/images/potsdam_6_10_024.tif,data/train/dem/potsdam_6_10_024.tif,512,512,EPSG:32633,29.73,49.83,20.1
potsdam_6_11_000,6_11,potsdam,urban,train,data/train/images/potsdam_6_11_000.tif,data/train/dem/potsdam_6_11_000.tif,512,512,EPSG:32633,31.18,48.89,17.71
potsdam_6_11_001,6_11,potsdam,urban,train,data/train/images/potsdam_6_11_001.tif,data/train/dem/potsdam_6_11_001.tif,512,512,EPSG:32633,31.33,47.89,16.56
potsdam_6_11_002,6_11,potsdam,urban,train,data/train/images/potsdam_6_11_002.tif,data/train/dem/potsdam_6_11_002.tif,512,512,EPSG:32633,29.9,50.12,20.23
potsdam_6_11_003,6_11,potsdam,urban,train,data/train/images/potsdam_6_11_003.tif,data/train/dem/potsdam_6_11_003.tif,512,512,EPSG:32633,29.68,42.26,12.58
potsdam_6_11_004,6_11,potsdam,urban,train,data/train/images/potsdam_6_11_004.tif,data/train/dem/potsdam_6_11_004.tif,512,512,EPSG:32633,28.59,48.0,19.41
potsdam_6_11_005,6_11,potsdam,urban,train,data/train/images/potsdam_6_11_005.tif,data/train/dem/potsdam_6_11_005.tif,512,512,EPSG:32633,30.92,47.21,16.29
potsdam_6_11_006,6_11,potsdam,urban,train,data/train/images/potsdam_6_11_006.tif,data/train/dem/potsdam_6_11_006.tif,512,512,EPSG:32633,29.62,50.2,20.57
potsdam_6_11_007,6_11,potsdam,urban,train,data/train/images/potsdam_6_11_007.tif,data/train/dem/potsdam_6_11_007.tif,512,512,EPSG:32633,31.76,45.03,13.27
potsdam_6_11_008,6_11,potsdam,urban,train,data/train/images/potsdam_6_11_008.tif,data/train/dem/potsdam_6_11_008.tif,512,512,EPSG:32633,28.25,45.71,17.46
potsdam_6_11_009,6_11,potsdam,urban,train,data/train/images/potsdam_6_11_009.tif,data/train/dem/potsdam_6_11_009.tif,512,512,EPSG:32633,31.25,47.3,16.05
potsdam_6_11_010,6_11,potsdam,urban,train,data/train/images/potsdam_6_11_010.tif,data/train/dem/potsdam_6_11_010.tif,512,512,EPSG:32633,31.4,45.88,14.48
potsdam_6_11_011,6_11,potsdam,urban,train,data/train/images/potsdam_6_11_011.tif,data/train/dem/potsdam_6_11_011.tif,512,512,EPSG:32633,31.57,48.31,16.74
potsdam_6_11_012,6_11,potsdam,urban,train,data/train/images/potsdam_6_11_012.tif,data/train/dem/potsdam_6_11_012.tif,512,512,EPSG:32633,30.88,52.57,21.69
potsdam_6_11_013,6_11,potsdam,urban,train,data/train/images/potsdam_6_11_013.tif,data/train/dem/potsdam_6_11_013.tif,512,512,EPSG:32633,31.47,45.75,14.27
potsdam_6_11_014,6_11,potsdam,urban,train,data/train/images/potsdam_6_11_014.tif,data/train/dem/potsdam_6_11_014.tif,512,512,EPSG:32633,31.77,49.18,17.41
potsdam_6_11_015,6_11,potsdam,urban,train,data/train/images/potsdam_6_11_015.tif,data/train/dem/potsdam_6_11_015.tif,512,512,EPSG:32633,30.32,48.14,17.82
potsdam_6_11_016,6_11,potsdam,urban,train,data/train/images/potsdam_6_11_016.tif,data/train/dem/potsdam_6_11_016.tif,512,512,EPSG:32633,28.97,48.23,19.26
potsdam_6_11_017,6_11,potsdam,urban,train,data/train/images/potsdam_6_11_017.tif,data/train/dem/potsdam_6_11_017.tif,512,512,EPSG:32633,29.67,49.39,19.71
potsdam_6_11_018,6_11,potsdam,urban,train,data/train/images/potsdam_6_11_018.tif,data/train/dem/potsdam_6_11_018.tif,512,512,EPSG:32633,30.55,48.49,17.94
potsdam_6_11_019,6_11,potsdam,urban,train,data/train/images/potsdam_6_11_019.tif,data/train/dem/potsdam_6_11_019.tif,512,512,EPSG:32633,29.82,49.74,19.91
potsdam_6_11_020,6_11,potsdam,urban,train,data/train/images/potsdam_6_11_020.tif,data/train/dem/potsdam_6_11_020.tif,512,512,EPSG:32633,31.73,39.4,7.67
potsdam_6_11_021,6_11,potsdam,urban,train,data/train/images/potsdam_6_11_021.tif,data/train/dem/potsdam_6_11_021.tif,512,512,EPSG:32633,27.2,59.73,32.53
potsdam_6_11_022,6_11,potsdam,urban,train,data/train/images/potsdam_6_11_022.tif,data/train/dem/potsdam_6_11_022.tif,512,512,EPSG:32633,31.62,50.93,19.31
potsdam_6_11_023,6_11,potsdam,urban,train,data/train/images/potsdam_6_11_023.tif,data/train/dem/potsdam_6_11_023.tif,512,512,EPSG:32633,31.81,47.35,15.53
potsdam_6_11_024,6_11,potsdam,urban,train,data/train/images/potsdam_6_11_024.tif,data/train/dem/potsdam_6_11_024.tif,512,512,EPSG:32633,31.37,53.55,22.18
potsdam_6_12_000,6_12,potsdam,urban,train,data/train/images/potsdam_6_12_000.tif,data/train/dem/potsdam_6_12_000.tif,512,512,EPSG:32633,30.05,48.39,18.34
potsdam_6_12_001,6_12,potsdam,urban,train,data/train/images/potsdam_6_12_001.tif,data/train/dem/potsdam_6_12_001.tif,512,512,EPSG:32633,29.6,55.34,25.74
potsdam_6_12_002,6_12,potsdam,urban,train,data/train/images/potsdam_6_12_002.tif,data/train/dem/potsdam_6_12_002.tif,512,512,EPSG:32633,31.82,44.37,12.55
potsdam_6_12_003,6_12,potsdam,urban,train,data/train/images/potsdam_6_12_003.tif,data/train/dem/potsdam_6_12_003.tif,512,512,EPSG:32633,29.76,53.32,23.56
potsdam_6_12_004,6_12,potsdam,urban,train,data/train/images/potsdam_6_12_004.tif,data/train/dem/potsdam_6_12_004.tif,512,512,EPSG:32633,30.93,44.24,13.3
potsdam_6_12_005,6_12,potsdam,urban,train,data/train/images/potsdam_6_12_005.tif,data/train/dem/potsdam_6_12_005.tif,512,512,EPSG:32633,31.18,51.86,20.68
potsdam_6_12_006,6_12,potsdam,urban,train,data/train/images/potsdam_6_12_006.tif,data/train/dem/potsdam_6_12_006.tif,512,512,EPSG:32633,31.65,51.1,19.45
potsdam_6_12_007,6_12,potsdam,urban,train,data/train/images/potsdam_6_12_007.tif,data/train/dem/potsdam_6_12_007.tif,512,512,EPSG:32633,30.62,55.74,25.12
potsdam_6_12_008,6_12,potsdam,urban,train,data/train/images/potsdam_6_12_008.tif,data/train/dem/potsdam_6_12_008.tif,512,512,EPSG:32633,16.83,47.78,30.95
potsdam_6_12_009,6_12,potsdam,urban,train,data/train/images/potsdam_6_12_009.tif,data/train/dem/potsdam_6_12_009.tif,512,512,EPSG:32633,29.76,45.82,16.06
potsdam_6_12_010,6_12,potsdam,urban,train,data/train/images/potsdam_6_12_010.tif,data/train/dem/potsdam_6_12_010.tif,512,512,EPSG:32633,31.85,48.1,16.25
potsdam_6_12_011,6_12,potsdam,urban,train,data/train/images/potsdam_6_12_011.tif,data/train/dem/potsdam_6_12_011.tif,512,512,EPSG:32633,31.61,47.12,15.51
potsdam_6_12_012,6_12,potsdam,urban,train,data/train/images/potsdam_6_12_012.tif,data/train/dem/potsdam_6_12_012.tif,512,512,EPSG:32633,31.85,48.98,17.13
potsdam_6_12_013,6_12,potsdam,urban,train,data/train/images/potsdam_6_12_013.tif,data/train/dem/potsdam_6_12_013.tif,512,512,EPSG:32633,31.65,48.27,16.63
potsdam_6_12_014,6_12,potsdam,urban,train,data/train/images/potsdam_6_12_014.tif,data/train/dem/potsdam_6_12_014.tif,512,512,EPSG:32633,27.01,45.68,18.67
potsdam_6_12_015,6_12,potsdam,urban,train,data/train/images/potsdam_6_12_015.tif,data/train/dem/potsdam_6_12_015.tif,512,512,EPSG:32633,29.3,36.95,7.65
potsdam_6_12_016,6_12,potsdam,urban,train,data/train/images/potsdam_6_12_016.tif,data/train/dem/potsdam_6_12_016.tif,512,512,EPSG:32633,30.93,44.85,13.92
potsdam_6_12_017,6_12,potsdam,urban,train,data/train/images/potsdam_6_12_017.tif,data/train/dem/potsdam_6_12_017.tif,512,512,EPSG:32633,29.45,48.84,19.39
potsdam_6_12_018,6_12,potsdam,urban,train,data/train/images/potsdam_6_12_018.tif,data/train/dem/potsdam_6_12_018.tif,512,512,EPSG:32633,30.37,48.17,17.8
potsdam_6_12_019,6_12,potsdam,urban,train,data/train/images/potsdam_6_12_019.tif,data/train/dem/potsdam_6_12_019.tif,512,512,EPSG:32633,27.78,53.53,25.75
potsdam_6_12_020,6_12,potsdam,urban,train,data/train/images/potsdam_6_12_020.tif,data/train/dem/potsdam_6_12_020.tif,512,512,EPSG:32633,28.95,61.87,32.92
potsdam_6_12_021,6_12,potsdam,urban,train,data/train/images/potsdam_6_12_021.tif,data/train/dem/potsdam_6_12_021.tif,512,512,EPSG:32633,30.03,48.14,18.11
potsdam_6_12_022,6_12,potsdam,urban,train,data/train/images/potsdam_6_12_022.tif,data/train/dem/potsdam_6_12_022.tif,512,512,EPSG:32633,25.04,45.88,20.84
potsdam_6_12_023,6_12,potsdam,urban,train,data/train/images/potsdam_6_12_023.tif,data/train/dem/potsdam_6_12_023.tif,512,512,EPSG:32633,30.82,48.61,17.79
potsdam_6_12_024,6_12,potsdam,urban,train,data/train/images/potsdam_6_12_024.tif,data/train/dem/potsdam_6_12_024.tif,512,512,EPSG:32633,31.37,51.79,20.42
potsdam_6_14_000,6_14,potsdam,urban,train,data/train/images/potsdam_6_14_000.tif,data/train/dem/potsdam_6_14_000.tif,512,512,EPSG:32633,31.02,49.44,18.42
potsdam_6_14_001,6_14,potsdam,urban,train,data/train/images/potsdam_6_14_001.tif,data/train/dem/potsdam_6_14_001.tif,512,512,EPSG:32633,30.39,51.09,20.7
potsdam_6_14_002,6_14,potsdam,urban,train,data/train/images/potsdam_6_14_002.tif,data/train/dem/potsdam_6_14_002.tif,512,512,EPSG:32633,29.12,62.69,33.57
potsdam_6_14_003,6_14,potsdam,urban,train,data/train/images/potsdam_6_14_003.tif,data/train/dem/potsdam_6_14_003.tif,512,512,EPSG:32633,31.45,57.15,25.7
potsdam_6_14_004,6_14,potsdam,urban,train,data/train/images/potsdam_6_14_004.tif,data/train/dem/potsdam_6_14_004.tif,512,512,EPSG:32633,23.65,58.48,34.84
potsdam_6_14_005,6_14,potsdam,urban,train,data/train/images/potsdam_6_14_005.tif,data/train/dem/potsdam_6_14_005.tif,512,512,EPSG:32633,31.23,49.33,18.1
potsdam_6_14_006,6_14,potsdam,urban,train,data/train/images/potsdam_6_14_006.tif,data/train/dem/potsdam_6_14_006.tif,512,512,EPSG:32633,31.41,52.41,21.01
potsdam_6_14_007,6_14,potsdam,urban,train,data/train/images/potsdam_6_14_007.tif,data/train/dem/potsdam_6_14_007.tif,512,512,EPSG:32633,29.08,53.16,24.08
potsdam_6_14_008,6_14,potsdam,urban,train,data/train/images/potsdam_6_14_008.tif,data/train/dem/potsdam_6_14_008.tif,512,512,EPSG:32633,30.78,55.73,24.95
potsdam_6_14_009,6_14,potsdam,urban,train,data/train/images/potsdam_6_14_009.tif,data/train/dem/potsdam_6_14_009.tif,512,512,EPSG:32633,31.38,63.49,32.11
potsdam_6_14_010,6_14,potsdam,urban,train,data/train/images/potsdam_6_14_010.tif,data/train/dem/potsdam_6_14_010.tif,512,512,EPSG:32633,31.14,53.78,22.65
potsdam_6_14_011,6_14,potsdam,urban,train,data/train/images/potsdam_6_14_011.tif,data/train/dem/potsdam_6_14_011.tif,512,512,EPSG:32633,29.9,43.32,13.42
potsdam_6_14_012,6_14,potsdam,urban,train,data/train/images/potsdam_6_14_012.tif,data/train/dem/potsdam_6_14_012.tif,512,512,EPSG:32633,30.09,48.48,18.39
potsdam_6_14_013,6_14,potsdam,urban,train,data/train/images/potsdam_6_14_013.tif,data/train/dem/potsdam_6_14_013.tif,512,512,EPSG:32633,30.17,51.22,21.05
potsdam_6_14_014,6_14,potsdam,urban,train,data/train/images/potsdam_6_14_014.tif,data/train/dem/potsdam_6_14_014.tif,512,512,EPSG:32633,30.2,48.14,17.95
potsdam_6_14_015,6_14,potsdam,urban,train,data/train/images/potsdam_6_14_015.tif,data/train/dem/potsdam_6_14_015.tif,512,512,EPSG:32633,30.15,49.1,18.96
potsdam_6_14_016,6_14,potsdam,urban,train,data/train/images/potsdam_6_14_016.tif,data/train/dem/potsdam_6_14_016.tif,512,512,EPSG:32633,29.01,48.12,19.11
potsdam_6_14_017,6_14,potsdam,urban,train,data/train/images/potsdam_6_14_017.tif,data/train/dem/potsdam_6_14_017.tif,512,512,EPSG:32633,31.09,51.82,20.72
potsdam_6_14_018,6_14,potsdam,urban,train,data/train/images/potsdam_6_14_018.tif,data/train/dem/potsdam_6_14_018.tif,512,512,EPSG:32633,30.28,79.4,49.12
potsdam_6_14_019,6_14,potsdam,urban,train,data/train/images/potsdam_6_14_019.tif,data/train/dem/potsdam_6_14_019.tif,512,512,EPSG:32633,29.61,34.67,5.06
potsdam_6_14_020,6_14,potsdam,urban,train,data/train/images/potsdam_6_14_020.tif,data/train/dem/potsdam_6_14_020.tif,512,512,EPSG:32633,31.44,49.98,18.54
potsdam_6_14_021,6_14,potsdam,urban,train,data/train/images/potsdam_6_14_021.tif,data/train/dem/potsdam_6_14_021.tif,512,512,EPSG:32633,30.74,46.92,16.18
potsdam_6_14_022,6_14,potsdam,urban,train,data/train/images/potsdam_6_14_022.tif,data/train/dem/potsdam_6_14_022.tif,512,512,EPSG:32633,31.45,43.46,12.0
potsdam_6_14_023,6_14,potsdam,urban,train,data/train/images/potsdam_6_14_023.tif,data/train/dem/potsdam_6_14_023.tif,512,512,EPSG:32633,30.72,50.62,19.9
potsdam_6_14_024,6_14,potsdam,urban,train,data/train/images/potsdam_6_14_024.tif,data/train/dem/potsdam_6_14_024.tif,512,512,EPSG:32633,30.77,36.43,5.66
potsdam_6_15_000,6_15,potsdam,urban,train,data/train/images/potsdam_6_15_000.tif,data/train/dem/potsdam_6_15_000.tif,512,512,EPSG:32633,30.33,52.35,22.02
potsdam_6_15_001,6_15,potsdam,urban,train,data/train/images/potsdam_6_15_001.tif,data/train/dem/potsdam_6_15_001.tif,512,512,EPSG:32633,29.52,50.47,20.95
potsdam_6_15_002,6_15,potsdam,urban,train,data/train/images/potsdam_6_15_002.tif,data/train/dem/potsdam_6_15_002.tif,512,512,EPSG:32633,28.96,38.97,10.02
potsdam_6_15_003,6_15,potsdam,urban,train,data/train/images/potsdam_6_15_003.tif,data/train/dem/potsdam_6_15_003.tif,512,512,EPSG:32633,31.14,38.1,6.96
potsdam_6_15_004,6_15,potsdam,urban,train,data/train/images/potsdam_6_15_004.tif,data/train/dem/potsdam_6_15_004.tif,512,512,EPSG:32633,27.32,42.59,15.27
potsdam_6_15_005,6_15,potsdam,urban,train,data/train/images/potsdam_6_15_005.tif,data/train/dem/potsdam_6_15_005.tif,512,512,EPSG:32633,30.62,41.33,10.71
potsdam_6_15_006,6_15,potsdam,urban,train,data/train/images/potsdam_6_15_006.tif,data/train/dem/potsdam_6_15_006.tif,512,512,EPSG:32633,31.02,33.9,2.88
potsdam_6_15_007,6_15,potsdam,urban,train,data/train/images/potsdam_6_15_007.tif,data/train/dem/potsdam_6_15_007.tif,512,512,EPSG:32633,30.48,35.71,5.23
potsdam_6_15_008,6_15,potsdam,urban,train,data/train/images/potsdam_6_15_008.tif,data/train/dem/potsdam_6_15_008.tif,512,512,EPSG:32633,30.49,35.16,4.67
potsdam_6_15_009,6_15,potsdam,urban,train,data/train/images/potsdam_6_15_009.tif,data/train/dem/potsdam_6_15_009.tif,512,512,EPSG:32633,30.92,40.58,9.66
potsdam_6_15_010,6_15,potsdam,urban,train,data/train/images/potsdam_6_15_010.tif,data/train/dem/potsdam_6_15_010.tif,512,512,EPSG:32633,29.76,46.86,17.1
potsdam_6_15_011,6_15,potsdam,urban,train,data/train/images/potsdam_6_15_011.tif,data/train/dem/potsdam_6_15_011.tif,512,512,EPSG:32633,30.21,48.35,18.14
potsdam_6_15_012,6_15,potsdam,urban,train,data/train/images/potsdam_6_15_012.tif,data/train/dem/potsdam_6_15_012.tif,512,512,EPSG:32633,30.85,51.49,20.65
potsdam_6_15_013,6_15,potsdam,urban,train,data/train/images/potsdam_6_15_013.tif,data/train/dem/potsdam_6_15_013.tif,512,512,EPSG:32633,27.98,49.96,21.98
potsdam_6_15_014,6_15,potsdam,urban,train,data/train/images/potsdam_6_15_014.tif,data/train/dem/potsdam_6_15_014.tif,512,512,EPSG:32633,30.58,39.63,9.05
potsdam_6_15_015,6_15,potsdam,urban,train,data/train/images/potsdam_6_15_015.tif,data/train/dem/potsdam_6_15_015.tif,512,512,EPSG:32633,30.13,48.46,18.33
potsdam_6_15_016,6_15,potsdam,urban,train,data/train/images/potsdam_6_15_016.tif,data/train/dem/potsdam_6_15_016.tif,512,512,EPSG:32633,31.27,49.85,18.58
potsdam_6_15_017,6_15,potsdam,urban,train,data/train/images/potsdam_6_15_017.tif,data/train/dem/potsdam_6_15_017.tif,512,512,EPSG:32633,27.36,52.54,25.18
potsdam_6_15_018,6_15,potsdam,urban,train,data/train/images/potsdam_6_15_018.tif,data/train/dem/potsdam_6_15_018.tif,512,512,EPSG:32633,29.74,33.8,4.06
potsdam_6_15_019,6_15,potsdam,urban,train,data/train/images/potsdam_6_15_019.tif,data/train/dem/potsdam_6_15_019.tif,512,512,EPSG:32633,28.99,39.3,10.31
potsdam_6_15_020,6_15,potsdam,urban,train,data/train/images/potsdam_6_15_020.tif,data/train/dem/potsdam_6_15_020.tif,512,512,EPSG:32633,29.77,42.9,13.13
potsdam_6_15_021,6_15,potsdam,urban,train,data/train/images/potsdam_6_15_021.tif,data/train/dem/potsdam_6_15_021.tif,512,512,EPSG:32633,30.12,40.27,10.15
potsdam_6_15_022,6_15,potsdam,urban,train,data/train/images/potsdam_6_15_022.tif,data/train/dem/potsdam_6_15_022.tif,512,512,EPSG:32633,30.82,46.9,16.08
potsdam_6_15_023,6_15,potsdam,urban,train,data/train/images/potsdam_6_15_023.tif,data/train/dem/potsdam_6_15_023.tif,512,512,EPSG:32633,30.21,47.59,17.38
potsdam_6_15_024,6_15,potsdam,urban,train,data/train/images/potsdam_6_15_024.tif,data/train/dem/potsdam_6_15_024.tif,512,512,EPSG:32633,31.22,45.98,14.76
potsdam_6_7_000,6_7,potsdam,urban,train,data/train/images/potsdam_6_7_000.tif,data/train/dem/potsdam_6_7_000.tif,512,512,EPSG:32633,30.9,31.33,0.43
potsdam_6_7_001,6_7,potsdam,urban,train,data/train/images/potsdam_6_7_001.tif,data/train/dem/potsdam_6_7_001.tif,512,512,EPSG:32633,13.49,59.23,45.74
potsdam_6_7_002,6_7,potsdam,urban,train,data/train/images/potsdam_6_7_002.tif,data/train/dem/potsdam_6_7_002.tif,512,512,EPSG:32633,30.18,63.64,33.46
potsdam_6_7_003,6_7,potsdam,urban,train,data/train/images/potsdam_6_7_003.tif,data/train/dem/potsdam_6_7_003.tif,512,512,EPSG:32633,28.81,43.58,14.77
potsdam_6_7_004,6_7,potsdam,urban,train,data/train/images/potsdam_6_7_004.tif,data/train/dem/potsdam_6_7_004.tif,512,512,EPSG:32633,30.34,41.19,10.85
potsdam_6_7_005,6_7,potsdam,urban,train,data/train/images/potsdam_6_7_005.tif,data/train/dem/potsdam_6_7_005.tif,512,512,EPSG:32633,26.75,39.92,13.16
potsdam_6_7_006,6_7,potsdam,urban,train,data/train/images/potsdam_6_7_006.tif,data/train/dem/potsdam_6_7_006.tif,512,512,EPSG:32633,28.91,48.76,19.84
potsdam_6_7_007,6_7,potsdam,urban,train,data/train/images/potsdam_6_7_007.tif,data/train/dem/potsdam_6_7_007.tif,512,512,EPSG:32633,22.72,49.99,27.27
potsdam_6_7_008,6_7,potsdam,urban,train,data/train/images/potsdam_6_7_008.tif,data/train/dem/potsdam_6_7_008.tif,512,512,EPSG:32633,30.58,37.94,7.36
potsdam_6_7_009,6_7,potsdam,urban,train,data/train/images/potsdam_6_7_009.tif,data/train/dem/potsdam_6_7_009.tif,512,512,EPSG:32633,30.36,35.24,4.88
potsdam_6_7_010,6_7,potsdam,urban,train,data/train/images/potsdam_6_7_010.tif,data/train/dem/potsdam_6_7_010.tif,512,512,EPSG:32633,30.72,36.39,5.67
potsdam_6_7_011,6_7,potsdam,urban,train,data/train/images/potsdam_6_7_011.tif,data/train/dem/potsdam_6_7_011.tif,512,512,EPSG:32633,29.78,35.97,6.19
potsdam_6_7_012,6_7,potsdam,urban,train,data/train/images/potsdam_6_7_012.tif,data/train/dem/potsdam_6_7_012.tif,512,512,EPSG:32633,30.44,46.17,15.72
potsdam_6_7_013,6_7,potsdam,urban,train,data/train/images/potsdam_6_7_013.tif,data/train/dem/potsdam_6_7_013.tif,512,512,EPSG:32633,30.1,40.04,9.94
potsdam_6_7_014,6_7,potsdam,urban,train,data/train/images/potsdam_6_7_014.tif,data/train/dem/potsdam_6_7_014.tif,512,512,EPSG:32633,30.3,34.53,4.23
potsdam_6_7_015,6_7,potsdam,urban,train,data/train/images/potsdam_6_7_015.tif,data/train/dem/potsdam_6_7_015.tif,512,512,EPSG:32633,30.37,37.02,6.65
potsdam_6_7_016,6_7,potsdam,urban,train,data/train/images/potsdam_6_7_016.tif,data/train/dem/potsdam_6_7_016.tif,512,512,EPSG:32633,30.82,43.21,12.38
potsdam_6_7_017,6_7,potsdam,urban,train,data/train/images/potsdam_6_7_017.tif,data/train/dem/potsdam_6_7_017.tif,512,512,EPSG:32633,28.39,50.12,21.73
potsdam_6_7_018,6_7,potsdam,urban,train,data/train/images/potsdam_6_7_018.tif,data/train/dem/potsdam_6_7_018.tif,512,512,EPSG:32633,29.95,49.56,19.62
potsdam_6_7_019,6_7,potsdam,urban,train,data/train/images/potsdam_6_7_019.tif,data/train/dem/potsdam_6_7_019.tif,512,512,EPSG:32633,29.34,35.29,5.95
potsdam_6_7_020,6_7,potsdam,urban,train,data/train/images/potsdam_6_7_020.tif,data/train/dem/potsdam_6_7_020.tif,512,512,EPSG:32633,29.62,41.37,11.75
potsdam_6_7_021,6_7,potsdam,urban,train,data/train/images/potsdam_6_7_021.tif,data/train/dem/potsdam_6_7_021.tif,512,512,EPSG:32633,29.88,46.68,16.81
potsdam_6_7_022,6_7,potsdam,urban,train,data/train/images/potsdam_6_7_022.tif,data/train/dem/potsdam_6_7_022.tif,512,512,EPSG:32633,21.85,54.58,32.73
potsdam_6_7_023,6_7,potsdam,urban,train,data/train/images/potsdam_6_7_023.tif,data/train/dem/potsdam_6_7_023.tif,512,512,EPSG:32633,30.25,46.26,16.0
potsdam_6_7_024,6_7,potsdam,urban,train,data/train/images/potsdam_6_7_024.tif,data/train/dem/potsdam_6_7_024.tif,512,512,EPSG:32633,31.11,39.59,8.48
potsdam_6_9_000,6_9,potsdam,urban,train,data/train/images/potsdam_6_9_000.tif,data/train/dem/potsdam_6_9_000.tif,512,512,EPSG:32633,30.97,48.2,17.23
potsdam_6_9_001,6_9,potsdam,urban,train,data/train/images/potsdam_6_9_001.tif,data/train/dem/potsdam_6_9_001.tif,512,512,EPSG:32633,30.82,38.13,7.32
potsdam_6_9_002,6_9,potsdam,urban,train,data/train/images/potsdam_6_9_002.tif,data/train/dem/potsdam_6_9_002.tif,512,512,EPSG:32633,29.04,43.22,14.18
potsdam_6_9_003,6_9,potsdam,urban,train,data/train/images/potsdam_6_9_003.tif,data/train/dem/potsdam_6_9_003.tif,512,512,EPSG:32633,30.49,39.38,8.89
potsdam_6_9_004,6_9,potsdam,urban,train,data/train/images/potsdam_6_9_004.tif,data/train/dem/potsdam_6_9_004.tif,512,512,EPSG:32633,29.67,51.93,22.25
potsdam_6_9_005,6_9,potsdam,urban,train,data/train/images/potsdam_6_9_005.tif,data/train/dem/potsdam_6_9_005.tif,512,512,EPSG:32633,30.91,45.47,14.57
potsdam_6_9_006,6_9,potsdam,urban,train,data/train/images/potsdam_6_9_006.tif,data/train/dem/potsdam_6_9_006.tif,512,512,EPSG:32633,30.39,36.11,5.72
potsdam_6_9_007,6_9,potsdam,urban,train,data/train/images/potsdam_6_9_007.tif,data/train/dem/potsdam_6_9_007.tif,512,512,EPSG:32633,30.98,36.53,5.56
potsdam_6_9_008,6_9,potsdam,urban,train,data/train/images/potsdam_6_9_008.tif,data/train/dem/potsdam_6_9_008.tif,512,512,EPSG:32633,30.45,34.05,3.6
potsdam_6_9_009,6_9,potsdam,urban,train,data/train/images/potsdam_6_9_009.tif,data/train/dem/potsdam_6_9_009.tif,512,512,EPSG:32633,31.41,47.66,16.25
potsdam_6_9_010,6_9,potsdam,urban,train,data/train/images/potsdam_6_9_010.tif,data/train/dem/potsdam_6_9_010.tif,512,512,EPSG:32633,29.7,45.5,15.8
potsdam_6_9_011,6_9,potsdam,urban,train,data/train/images/potsdam_6_9_011.tif,data/train/dem/potsdam_6_9_011.tif,512,512,EPSG:32633,27.99,45.65,17.66
potsdam_6_9_012,6_9,potsdam,urban,train,data/train/images/potsdam_6_9_012.tif,data/train/dem/potsdam_6_9_012.tif,512,512,EPSG:32633,30.89,46.03,15.15
potsdam_6_9_013,6_9,potsdam,urban,train,data/train/images/potsdam_6_9_013.tif,data/train/dem/potsdam_6_9_013.tif,512,512,EPSG:32633,28.81,44.78,15.97
potsdam_6_9_014,6_9,potsdam,urban,train,data/train/images/potsdam_6_9_014.tif,data/train/dem/potsdam_6_9_014.tif,512,512,EPSG:32633,31.49,49.44,17.95
potsdam_6_9_015,6_9,potsdam,urban,train,data/train/images/potsdam_6_9_015.tif,data/train/dem/potsdam_6_9_015.tif,512,512,EPSG:32633,25.89,49.92,24.03
potsdam_6_9_016,6_9,potsdam,urban,train,data/train/images/potsdam_6_9_016.tif,data/train/dem/potsdam_6_9_016.tif,512,512,EPSG:32633,28.31,40.56,12.25
potsdam_6_9_017,6_9,potsdam,urban,train,data/train/images/potsdam_6_9_017.tif,data/train/dem/potsdam_6_9_017.tif,512,512,EPSG:32633,23.61,34.38,10.76
potsdam_6_9_018,6_9,potsdam,urban,train,data/train/images/potsdam_6_9_018.tif,data/train/dem/potsdam_6_9_018.tif,512,512,EPSG:32633,29.19,46.25,17.06
potsdam_6_9_019,6_9,potsdam,urban,train,data/train/images/potsdam_6_9_019.tif,data/train/dem/potsdam_6_9_019.tif,512,512,EPSG:32633,29.74,42.8,13.06
potsdam_6_9_020,6_9,potsdam,urban,train,data/train/images/potsdam_6_9_020.tif,data/train/dem/potsdam_6_9_020.tif,512,512,EPSG:32633,30.52,49.19,18.67
potsdam_6_9_021,6_9,potsdam,urban,train,data/train/images/potsdam_6_9_021.tif,data/train/dem/potsdam_6_9_021.tif,512,512,EPSG:32633,29.41,49.54,20.13
potsdam_6_9_022,6_9,potsdam,urban,train,data/train/images/potsdam_6_9_022.tif,data/train/dem/potsdam_6_9_022.tif,512,512,EPSG:32633,27.85,52.5,24.65
potsdam_6_9_023,6_9,potsdam,urban,train,data/train/images/potsdam_6_9_023.tif,data/train/dem/potsdam_6_9_023.tif,512,512,EPSG:32633,30.12,46.12,16.0
potsdam_6_9_024,6_9,potsdam,urban,train,data/train/images/potsdam_6_9_024.tif,data/train/dem/potsdam_6_9_024.tif,512,512,EPSG:32633,31.05,52.73,21.68
potsdam_7_10_000,7_10,potsdam,urban,train,data/train/images/potsdam_7_10_000.tif,data/train/dem/potsdam_7_10_000.tif,512,512,EPSG:32633,27.75,71.96,44.21
potsdam_7_10_001,7_10,potsdam,urban,train,data/train/images/potsdam_7_10_001.tif,data/train/dem/potsdam_7_10_001.tif,512,512,EPSG:32633,32.19,45.31,13.12
potsdam_7_10_002,7_10,potsdam,urban,train,data/train/images/potsdam_7_10_002.tif,data/train/dem/potsdam_7_10_002.tif,512,512,EPSG:32633,31.81,41.97,10.15
potsdam_7_10_003,7_10,potsdam,urban,train,data/train/images/potsdam_7_10_003.tif,data/train/dem/potsdam_7_10_003.tif,512,512,EPSG:32633,29.36,61.38,32.02
potsdam_7_10_004,7_10,potsdam,urban,train,data/train/images/potsdam_7_10_004.tif,data/train/dem/potsdam_7_10_004.tif,512,512,EPSG:32633,31.1,52.09,20.99
potsdam_7_10_005,7_10,potsdam,urban,train,data/train/images/potsdam_7_10_005.tif,data/train/dem/potsdam_7_10_005.tif,512,512,EPSG:32633,31.69,43.94,12.26
potsdam_7_10_006,7_10,potsdam,urban,train,data/train/images/potsdam_7_10_006.tif,data/train/dem/potsdam_7_10_006.tif,512,512,EPSG:32633,36.07,46.1,10.03
potsdam_7_10_007,7_10,potsdam,urban,train,data/train/images/potsdam_7_10_007.tif,data/train/dem/potsdam_7_10_007.tif,512,512,EPSG:32633,31.4,45.24,13.84
potsdam_7_10_008,7_10,potsdam,urban,train,data/train/images/potsdam_7_10_008.tif,data/train/dem/potsdam_7_10_008.tif,512,512,EPSG:32633,29.65,61.01,31.36
potsdam_7_10_009,7_10,potsdam,urban,train,data/train/images/potsdam_7_10_009.tif,data/train/dem/potsdam_7_10_009.tif,512,512,EPSG:32633,26.56,49.6,23.05
potsdam_7_10_010,7_10,potsdam,urban,train,data/train/images/potsdam_7_10_010.tif,data/train/dem/potsdam_7_10_010.tif,512,512,EPSG:32633,31.09,33.75,2.66
potsdam_7_10_011,7_10,potsdam,urban,train,data/train/images/potsdam_7_10_011.tif,data/train/dem/potsdam_7_10_011.tif,512,512,EPSG:32633,29.64,44.43,14.79
potsdam_7_10_012,7_10,potsdam,urban,train,data/train/images/potsdam_7_10_012.tif,data/train/dem/potsdam_7_10_012.tif,512,512,EPSG:32633,30.59,43.77,13.18
potsdam_7_10_013,7_10,potsdam,urban,train,data/train/images/potsdam_7_10_013.tif,data/train/dem/potsdam_7_10_013.tif,512,512,EPSG:32633,30.26,42.1,11.84
potsdam_7_10_014,7_10,potsdam,urban,train,data/train/images/potsdam_7_10_014.tif,data/train/dem/potsdam_7_10_014.tif,512,512,EPSG:32633,29.88,38.12,8.24
potsdam_7_10_015,7_10,potsdam,urban,train,data/train/images/potsdam_7_10_015.tif,data/train/dem/potsdam_7_10_015.tif,512,512,EPSG:32633,25.55,50.79,25.24
potsdam_7_10_016,7_10,potsdam,urban,train,data/train/images/potsdam_7_10_016.tif,data/train/dem/potsdam_7_10_016.tif,512,512,EPSG:32633,30.8,42.0,11.2
potsdam_7_10_017,7_10,potsdam,urban,train,data/train/images/potsdam_7_10_017.tif,data/train/dem/potsdam_7_10_017.tif,512,512,EPSG:32633,28.45,88.53,60.08
potsdam_7_10_018,7_10,potsdam,urban,train,data/train/images/potsdam_7_10_018.tif,data/train/dem/potsdam_7_10_018.tif,512,512,EPSG:32633,29.58,38.09,8.51
potsdam_7_10_019,7_10,potsdam,urban,train,data/train/images/potsdam_7_10_019.tif,data/train/dem/potsdam_7_10_019.tif,512,512,EPSG:32633,30.69,31.91,1.22
potsdam_7_10_020,7_10,potsdam,urban,train,data/train/images/potsdam_7_10_020.tif,data/train/dem/potsdam_7_10_020.tif,512,512,EPSG:32633,12.75,65.33,52.58
potsdam_7_10_021,7_10,potsdam,urban,train,data/train/images/potsdam_7_10_021.tif,data/train/dem/potsdam_7_10_021.tif,512,512,EPSG:32633,23.66,56.83,33.16
potsdam_7_10_022,7_10,potsdam,urban,train,data/train/images/potsdam_7_10_022.tif,data/train/dem/potsdam_7_10_022.tif,512,512,EPSG:32633,27.65,43.92,16.27
potsdam_7_10_023,7_10,potsdam,urban,train,data/train/images/potsdam_7_10_023.tif,data/train/dem/potsdam_7_10_023.tif,512,512,EPSG:32633,27.7,50.54,22.84
potsdam_7_10_024,7_10,potsdam,urban,train,data/train/images/potsdam_7_10_024.tif,data/train/dem/potsdam_7_10_024.tif,512,512,EPSG:32633,29.34,36.49,7.15
potsdam_7_12_000,7_12,potsdam,urban,train,data/train/images/potsdam_7_12_000.tif,data/train/dem/potsdam_7_12_000.tif,512,512,EPSG:32633,29.28,38.72,9.44
potsdam_7_12_001,7_12,potsdam,urban,train,data/train/images/potsdam_7_12_001.tif,data/train/dem/potsdam_7_12_001.tif,512,512,EPSG:32633,29.54,50.55,21.02
potsdam_7_12_002,7_12,potsdam,urban,train,data/train/images/potsdam_7_12_002.tif,data/train/dem/potsdam_7_12_002.tif,512,512,EPSG:32633,29.42,48.4,18.98
potsdam_7_12_003,7_12,potsdam,urban,train,data/train/images/potsdam_7_12_003.tif,data/train/dem/potsdam_7_12_003.tif,512,512,EPSG:32633,29.42,33.47,4.06
potsdam_7_12_004,7_12,potsdam,urban,train,data/train/images/potsdam_7_12_004.tif,data/train/dem/potsdam_7_12_004.tif,512,512,EPSG:32633,28.42,47.24,18.82
potsdam_7_12_005,7_12,potsdam,urban,train,data/train/images/potsdam_7_12_005.tif,data/train/dem/potsdam_7_12_005.tif,512,512,EPSG:32633,31.73,33.53,1.8
potsdam_7_12_006,7_12,potsdam,urban,train,data/train/images/potsdam_7_12_006.tif,data/train/dem/potsdam_7_12_006.tif,512,512,EPSG:32633,29.99,34.52,4.53
potsdam_7_12_007,7_12,potsdam,urban,train,data/train/images/potsdam_7_12_007.tif,data/train/dem/potsdam_7_12_007.tif,512,512,EPSG:32633,28.65,45.86,17.21
potsdam_7_12_008,7_12,potsdam,urban,train,data/train/images/potsdam_7_12_008.tif,data/train/dem/potsdam_7_12_008.tif,512,512,EPSG:32633,30.12,48.03,17.91
potsdam_7_12_009,7_12,potsdam,urban,train,data/train/images/potsdam_7_12_009.tif,data/train/dem/potsdam_7_12_009.tif,512,512,EPSG:32633,30.95,48.73,17.77
potsdam_7_12_010,7_12,potsdam,urban,train,data/train/images/potsdam_7_12_010.tif,data/train/dem/potsdam_7_12_010.tif,512,512,EPSG:32633,31.78,43.03,11.25
potsdam_7_12_011,7_12,potsdam,urban,train,data/train/images/potsdam_7_12_011.tif,data/train/dem/potsdam_7_12_011.tif,512,512,EPSG:32633,29.44,35.0,5.56
potsdam_7_12_012,7_12,potsdam,urban,train,data/train/images/potsdam_7_12_012.tif,data/train/dem/potsdam_7_12_012.tif,512,512,EPSG:32633,31.35,39.34,7.99
potsdam_7_12_013,7_12,potsdam,urban,train,data/train/images/potsdam_7_12_013.tif,data/train/dem/potsdam_7_12_013.tif,512,512,EPSG:32633,29.25,49.84,20.59
potsdam_7_12_014,7_12,potsdam,urban,train,data/train/images/potsdam_7_12_014.tif,data/train/dem/potsdam_7_12_014.tif,512,512,EPSG:32633,30.77,46.62,15.85
potsdam_7_12_015,7_12,potsdam,urban,train,data/train/images/potsdam_7_12_015.tif,data/train/dem/potsdam_7_12_015.tif,512,512,EPSG:32633,31.6,41.78,10.18
potsdam_7_12_016,7_12,potsdam,urban,train,data/train/images/potsdam_7_12_016.tif,data/train/dem/potsdam_7_12_016.tif,512,512,EPSG:32633,31.76,32.1,0.34
potsdam_7_12_017,7_12,potsdam,urban,train,data/train/images/potsdam_7_12_017.tif,data/train/dem/potsdam_7_12_017.tif,512,512,EPSG:32633,24.92,45.31,20.4
potsdam_7_12_018,7_12,potsdam,urban,train,data/train/images/potsdam_7_12_018.tif,data/train/dem/potsdam_7_12_018.tif,512,512,EPSG:32633,31.58,33.49,1.91
potsdam_7_12_019,7_12,potsdam,urban,train,data/train/images/potsdam_7_12_019.tif,data/train/dem/potsdam_7_12_019.tif,512,512,EPSG:32633,31.41,46.55,15.14
potsdam_7_12_020,7_12,potsdam,urban,train,data/train/images/potsdam_7_12_020.tif,data/train/dem/potsdam_7_12_020.tif,512,512,EPSG:32633,29.2,51.55,22.36
potsdam_7_12_021,7_12,potsdam,urban,train,data/train/images/potsdam_7_12_021.tif,data/train/dem/potsdam_7_12_021.tif,512,512,EPSG:32633,31.28,44.99,13.71
potsdam_7_12_022,7_12,potsdam,urban,train,data/train/images/potsdam_7_12_022.tif,data/train/dem/potsdam_7_12_022.tif,512,512,EPSG:32633,31.23,45.25,14.02
potsdam_7_12_023,7_12,potsdam,urban,train,data/train/images/potsdam_7_12_023.tif,data/train/dem/potsdam_7_12_023.tif,512,512,EPSG:32633,30.96,48.15,17.19
potsdam_7_12_024,7_12,potsdam,urban,train,data/train/images/potsdam_7_12_024.tif,data/train/dem/potsdam_7_12_024.tif,512,512,EPSG:32633,31.44,49.38,17.94
potsdam_7_13_000,7_13,potsdam,urban,train,data/train/images/potsdam_7_13_000.tif,data/train/dem/potsdam_7_13_000.tif,512,512,EPSG:32633,30.79,40.24,9.45
potsdam_7_13_001,7_13,potsdam,urban,train,data/train/images/potsdam_7_13_001.tif,data/train/dem/potsdam_7_13_001.tif,512,512,EPSG:32633,29.11,40.96,11.84
potsdam_7_13_002,7_13,potsdam,urban,train,data/train/images/potsdam_7_13_002.tif,data/train/dem/potsdam_7_13_002.tif,512,512,EPSG:32633,24.44,55.67,31.23
potsdam_7_13_003,7_13,potsdam,urban,train,data/train/images/potsdam_7_13_003.tif,data/train/dem/potsdam_7_13_003.tif,512,512,EPSG:32633,30.31,43.29,12.99
potsdam_7_13_004,7_13,potsdam,urban,train,data/train/images/potsdam_7_13_004.tif,data/train/dem/potsdam_7_13_004.tif,512,512,EPSG:32633,28.97,45.69,16.72
potsdam_7_13_005,7_13,potsdam,urban,train,data/train/images/potsdam_7_13_005.tif,data/train/dem/potsdam_7_13_005.tif,512,512,EPSG:32633,30.33,36.65,6.32
potsdam_7_13_006,7_13,potsdam,urban,train,data/train/images/potsdam_7_13_006.tif,data/train/dem/potsdam_7_13_006.tif,512,512,EPSG:32633,38.26,56.7,18.44
potsdam_7_13_007,7_13,potsdam,urban,train,data/train/images/potsdam_7_13_007.tif,data/train/dem/potsdam_7_13_007.tif,512,512,EPSG:32633,31.99,48.12,16.12
potsdam_7_13_008,7_13,potsdam,urban,train,data/train/images/potsdam_7_13_008.tif,data/train/dem/potsdam_7_13_008.tif,512,512,EPSG:32633,31.04,57.47,26.42
potsdam_7_13_009,7_13,potsdam,urban,train,data/train/images/potsdam_7_13_009.tif,data/train/dem/potsdam_7_13_009.tif,512,512,EPSG:32633,30.96,51.67,20.7
potsdam_7_13_010,7_13,potsdam,urban,train,data/train/images/potsdam_7_13_010.tif,data/train/dem/potsdam_7_13_010.tif,512,512,EPSG:32633,31.92,34.83,2.91
potsdam_7_13_011,7_13,potsdam,urban,train,data/train/images/potsdam_7_13_011.tif,data/train/dem/potsdam_7_13_011.tif,512,512,EPSG:32633,32.44,47.63,15.19
potsdam_7_13_012,7_13,potsdam,urban,train,data/train/images/potsdam_7_13_012.tif,data/train/dem/potsdam_7_13_012.tif,512,512,EPSG:32633,30.02,39.28,9.26
potsdam_7_13_013,7_13,potsdam,urban,train,data/train/images/potsdam_7_13_013.tif,data/train/dem/potsdam_7_13_013.tif,512,512,EPSG:32633,28.44,57.14,28.7
potsdam_7_13_014,7_13,potsdam,urban,train,data/train/images/potsdam_7_13_014.tif,data/train/dem/potsdam_7_13_014.tif,512,512,EPSG:32633,33.03,57.68,24.65
potsdam_7_13_015,7_13,potsdam,urban,train,data/train/images/potsdam_7_13_015.tif,data/train/dem/potsdam_7_13_015.tif,512,512,EPSG:32633,31.53,49.92,18.38
potsdam_7_13_016,7_13,potsdam,urban,train,data/train/images/potsdam_7_13_016.tif,data/train/dem/potsdam_7_13_016.tif,512,512,EPSG:32633,30.86,48.36,17.5
potsdam_7_13_017,7_13,potsdam,urban,train,data/train/images/potsdam_7_13_017.tif,data/train/dem/potsdam_7_13_017.tif,512,512,EPSG:32633,32.88,47.8,14.92
potsdam_7_13_018,7_13,potsdam,urban,train,data/train/images/potsdam_7_13_018.tif,data/train/dem/potsdam_7_13_018.tif,512,512,EPSG:32633,51.08,106.17,55.09
potsdam_7_13_019,7_13,potsdam,urban,train,data/train/images/potsdam_7_13_019.tif,data/train/dem/potsdam_7_13_019.tif,512,512,EPSG:32633,31.99,52.44,20.45
potsdam_7_13_020,7_13,potsdam,urban,train,data/train/images/potsdam_7_13_020.tif,data/train/dem/potsdam_7_13_020.tif,512,512,EPSG:32633,31.91,54.6,22.68
potsdam_7_13_021,7_13,potsdam,urban,train,data/train/images/potsdam_7_13_021.tif,data/train/dem/potsdam_7_13_021.tif,512,512,EPSG:32633,31.97,47.59,15.62
potsdam_7_13_022,7_13,potsdam,urban,train,data/train/images/potsdam_7_13_022.tif,data/train/dem/potsdam_7_13_022.tif,512,512,EPSG:32633,31.82,52.11,20.29
potsdam_7_13_023,7_13,potsdam,urban,train,data/train/images/potsdam_7_13_023.tif,data/train/dem/potsdam_7_13_023.tif,512,512,EPSG:32633,31.89,32.96,1.08
potsdam_7_13_024,7_13,potsdam,urban,train,data/train/images/potsdam_7_13_024.tif,data/train/dem/potsdam_7_13_024.tif,512,512,EPSG:32633,32.18,44.08,11.9
potsdam_7_7_000,7_7,potsdam,urban,train,data/train/images/potsdam_7_7_000.tif,data/train/dem/potsdam_7_7_000.tif,512,512,EPSG:32633,29.06,46.46,17.4
potsdam_7_7_001,7_7,potsdam,urban,train,data/train/images/potsdam_7_7_001.tif,data/train/dem/potsdam_7_7_001.tif,512,512,EPSG:32633,30.35,40.73,10.37
potsdam_7_7_002,7_7,potsdam,urban,train,data/train/images/potsdam_7_7_002.tif,data/train/dem/potsdam_7_7_002.tif,512,512,EPSG:32633,28.69,49.81,21.11
potsdam_7_7_003,7_7,potsdam,urban,train,data/train/images/potsdam_7_7_003.tif,data/train/dem/potsdam_7_7_003.tif,512,512,EPSG:32633,31.23,50.16,18.93
potsdam_7_7_004,7_7,potsdam,urban,train,data/train/images/potsdam_7_7_004.tif,data/train/dem/potsdam_7_7_004.tif,512,512,EPSG:32633,27.89,38.72,10.83
potsdam_7_7_005,7_7,potsdam,urban,train,data/train/images/potsdam_7_7_005.tif,data/train/dem/potsdam_7_7_005.tif,512,512,EPSG:32633,30.64,46.54,15.91
potsdam_7_7_006,7_7,potsdam,urban,train,data/train/images/potsdam_7_7_006.tif,data/train/dem/potsdam_7_7_006.tif,512,512,EPSG:32633,26.16,51.49,25.33
potsdam_7_7_007,7_7,potsdam,urban,train,data/train/images/potsdam_7_7_007.tif,data/train/dem/potsdam_7_7_007.tif,512,512,EPSG:32633,29.84,50.64,20.79
potsdam_7_7_008,7_7,potsdam,urban,train,data/train/images/potsdam_7_7_008.tif,data/train/dem/potsdam_7_7_008.tif,512,512,EPSG:32633,30.83,54.01,23.18
potsdam_7_7_009,7_7,potsdam,urban,train,data/train/images/potsdam_7_7_009.tif,data/train/dem/potsdam_7_7_009.tif,512,512,EPSG:32633,30.7,48.91,18.21
potsdam_7_7_010,7_7,potsdam,urban,train,data/train/images/potsdam_7_7_010.tif,data/train/dem/potsdam_7_7_010.tif,512,512,EPSG:32633,30.13,51.75,21.62
potsdam_7_7_011,7_7,potsdam,urban,train,data/train/images/potsdam_7_7_011.tif,data/train/dem/potsdam_7_7_011.tif,512,512,EPSG:32633,29.78,52.26,22.48
potsdam_7_7_012,7_7,potsdam,urban,train,data/train/images/potsdam_7_7_012.tif,data/train/dem/potsdam_7_7_012.tif,512,512,EPSG:32633,31.14,51.23,20.09
potsdam_7_7_013,7_7,potsdam,urban,train,data/train/images/potsdam_7_7_013.tif,data/train/dem/potsdam_7_7_013.tif,512,512,EPSG:32633,29.28,51.63,22.35
potsdam_7_7_014,7_7,potsdam,urban,train,data/train/images/potsdam_7_7_014.tif,data/train/dem/potsdam_7_7_014.tif,512,512,EPSG:32633,30.3,49.75,19.45
potsdam_7_7_015,7_7,potsdam,urban,train,data/train/images/potsdam_7_7_015.tif,data/train/dem/potsdam_7_7_015.tif,512,512,EPSG:32633,30.33,51.22,20.89
potsdam_7_7_016,7_7,potsdam,urban,train,data/train/images/potsdam_7_7_016.tif,data/train/dem/potsdam_7_7_016.tif,512,512,EPSG:32633,30.23,53.16,22.93
potsdam_7_7_017,7_7,potsdam,urban,train,data/train/images/potsdam_7_7_017.tif,data/train/dem/potsdam_7_7_017.tif,512,512,EPSG:32633,30.31,51.27,20.95
potsdam_7_7_018,7_7,potsdam,urban,train,data/train/images/potsdam_7_7_018.tif,data/train/dem/potsdam_7_7_018.tif,512,512,EPSG:32633,30.54,50.22,19.69
potsdam_7_7_019,7_7,potsdam,urban,train,data/train/images/potsdam_7_7_019.tif,data/train/dem/potsdam_7_7_019.tif,512,512,EPSG:32633,29.91,47.9,18.0
potsdam_7_7_020,7_7,potsdam,urban,train,data/train/images/potsdam_7_7_020.tif,data/train/dem/potsdam_7_7_020.tif,512,512,EPSG:32633,30.7,50.4,19.7
potsdam_7_7_021,7_7,potsdam,urban,train,data/train/images/potsdam_7_7_021.tif,data/train/dem/potsdam_7_7_021.tif,512,512,EPSG:32633,31.22,54.23,23.01
potsdam_7_7_022,7_7,potsdam,urban,train,data/train/images/potsdam_7_7_022.tif,data/train/dem/potsdam_7_7_022.tif,512,512,EPSG:32633,29.48,50.67,21.19
potsdam_7_7_023,7_7,potsdam,urban,train,data/train/images/potsdam_7_7_023.tif,data/train/dem/potsdam_7_7_023.tif,512,512,EPSG:32633,30.44,48.61,18.17
potsdam_7_7_024,7_7,potsdam,urban,train,data/train/images/potsdam_7_7_024.tif,data/train/dem/potsdam_7_7_024.tif,512,512,EPSG:32633,25.49,47.55,22.06
potsdam_7_8_000,7_8,potsdam,urban,train,data/train/images/potsdam_7_8_000.tif,data/train/dem/potsdam_7_8_000.tif,512,512,EPSG:32633,22.73,49.47,26.74
potsdam_7_8_001,7_8,potsdam,urban,train,data/train/images/potsdam_7_8_001.tif,data/train/dem/potsdam_7_8_001.tif,512,512,EPSG:32633,28.79,52.13,23.34
potsdam_7_8_002,7_8,potsdam,urban,train,data/train/images/potsdam_7_8_002.tif,data/train/dem/potsdam_7_8_002.tif,512,512,EPSG:32633,30.97,47.86,16.9
potsdam_7_8_003,7_8,potsdam,urban,train,data/train/images/potsdam_7_8_003.tif,data/train/dem/potsdam_7_8_003.tif,512,512,EPSG:32633,25.11,52.09,26.98
potsdam_7_8_004,7_8,potsdam,urban,train,data/train/images/potsdam_7_8_004.tif,data/train/dem/potsdam_7_8_004.tif,512,512,EPSG:32633,31.0,50.66,19.66
potsdam_7_8_005,7_8,potsdam,urban,train,data/train/images/potsdam_7_8_005.tif,data/train/dem/potsdam_7_8_005.tif,512,512,EPSG:32633,31.13,51.35,20.22
potsdam_7_8_006,7_8,potsdam,urban,train,data/train/images/potsdam_7_8_006.tif,data/train/dem/potsdam_7_8_006.tif,512,512,EPSG:32633,29.21,49.42,20.21
potsdam_7_8_007,7_8,potsdam,urban,train,data/train/images/potsdam_7_8_007.tif,data/train/dem/potsdam_7_8_007.tif,512,512,EPSG:32633,27.28,53.78,26.5
potsdam_7_8_008,7_8,potsdam,urban,train,data/train/images/potsdam_7_8_008.tif,data/train/dem/potsdam_7_8_008.tif,512,512,EPSG:32633,26.0,46.54,20.54
potsdam_7_8_009,7_8,potsdam,urban,train,data/train/images/potsdam_7_8_009.tif,data/train/dem/potsdam_7_8_009.tif,512,512,EPSG:32633,30.64,49.03,18.39
potsdam_7_8_010,7_8,potsdam,urban,train,data/train/images/potsdam_7_8_010.tif,data/train/dem/potsdam_7_8_010.tif,512,512,EPSG:32633,28.68,48.48,19.8
potsdam_7_8_011,7_8,potsdam,urban,train,data/train/images/potsdam_7_8_011.tif,data/train/dem/potsdam_7_8_011.tif,512,512,EPSG:32633,29.94,50.87,20.92
potsdam_7_8_012,7_8,potsdam,urban,train,data/train/images/potsdam_7_8_012.tif,data/train/dem/potsdam_7_8_012.tif,512,512,EPSG:32633,30.15,49.5,19.35
potsdam_7_8_013,7_8,potsdam,urban,train,data/train/images/potsdam_7_8_013.tif,data/train/dem/potsdam_7_8_013.tif,512,512,EPSG:32633,30.06,51.33,21.27
potsdam_7_8_014,7_8,potsdam,urban,train,data/train/images/potsdam_7_8_014.tif,data/train/dem/potsdam_7_8_014.tif,512,512,EPSG:32633,30.49,46.04,15.55
potsdam_7_8_015,7_8,potsdam,urban,train,data/train/images/potsdam_7_8_015.tif,data/train/dem/potsdam_7_8_015.tif,512,512,EPSG:32633,27.19,56.81,29.61
potsdam_7_8_016,7_8,potsdam,urban,train,data/train/images/potsdam_7_8_016.tif,data/train/dem/potsdam_7_8_016.tif,512,512,EPSG:32633,29.13,46.06,16.93
potsdam_7_8_017,7_8,potsdam,urban,train,data/train/images/potsdam_7_8_017.tif,data/train/dem/potsdam_7_8_017.tif,512,512,EPSG:32633,30.22,46.09,15.87
potsdam_7_8_018,7_8,potsdam,urban,train,data/train/images/potsdam_7_8_018.tif,data/train/dem/potsdam_7_8_018.tif,512,512,EPSG:32633,30.5,47.39,16.89
potsdam_7_8_019,7_8,potsdam,urban,train,data/train/images/potsdam_7_8_019.tif,data/train/dem/potsdam_7_8_019.tif,512,512,EPSG:32633,30.86,45.59,14.72
potsdam_7_8_020,7_8,potsdam,urban,train,data/train/images/potsdam_7_8_020.tif,data/train/dem/potsdam_7_8_020.tif,512,512,EPSG:32633,28.15,52.01,23.86
potsdam_7_8_021,7_8,potsdam,urban,train,data/train/images/potsdam_7_8_021.tif,data/train/dem/potsdam_7_8_021.tif,512,512,EPSG:32633,29.23,46.77,17.54
potsdam_7_8_022,7_8,potsdam,urban,train,data/train/images/potsdam_7_8_022.tif,data/train/dem/potsdam_7_8_022.tif,512,512,EPSG:32633,30.91,51.66,20.75
potsdam_7_8_023,7_8,potsdam,urban,train,data/train/images/potsdam_7_8_023.tif,data/train/dem/potsdam_7_8_023.tif,512,512,EPSG:32633,30.8,47.79,16.99
potsdam_7_8_024,7_8,potsdam,urban,train,data/train/images/potsdam_7_8_024.tif,data/train/dem/potsdam_7_8_024.tif,512,512,EPSG:32633,30.35,45.0,14.65
potsdam_7_9_000,7_9,potsdam,urban,train,data/train/images/potsdam_7_9_000.tif,data/train/dem/potsdam_7_9_000.tif,512,512,EPSG:32633,31.5,54.51,23.01
potsdam_7_9_001,7_9,potsdam,urban,train,data/train/images/potsdam_7_9_001.tif,data/train/dem/potsdam_7_9_001.tif,512,512,EPSG:32633,24.22,52.42,28.2
potsdam_7_9_002,7_9,potsdam,urban,train,data/train/images/potsdam_7_9_002.tif,data/train/dem/potsdam_7_9_002.tif,512,512,EPSG:32633,30.05,52.25,22.2
potsdam_7_9_003,7_9,potsdam,urban,train,data/train/images/potsdam_7_9_003.tif,data/train/dem/potsdam_7_9_003.tif,512,512,EPSG:32633,27.76,49.41,21.65
potsdam_7_9_004,7_9,potsdam,urban,train,data/train/images/potsdam_7_9_004.tif,data/train/dem/potsdam_7_9_004.tif,512,512,EPSG:32633,25.88,48.91,23.04
potsdam_7_9_005,7_9,potsdam,urban,train,data/train/images/potsdam_7_9_005.tif,data/train/dem/potsdam_7_9_005.tif,512,512,EPSG:32633,28.68,52.07,23.39
potsdam_7_9_006,7_9,potsdam,urban,train,data/train/images/potsdam_7_9_006.tif,data/train/dem/potsdam_7_9_006.tif,512,512,EPSG:32633,28.77,50.99,22.21
potsdam_7_9_007,7_9,potsdam,urban,train,data/train/images/potsdam_7_9_007.tif,data/train/dem/potsdam_7_9_007.tif,512,512,EPSG:32633,29.44,53.19,23.75
potsdam_7_9_008,7_9,potsdam,urban,train,data/train/images/potsdam_7_9_008.tif,data/train/dem/potsdam_7_9_008.tif,512,512,EPSG:32633,27.98,33.15,5.17
potsdam_7_9_009,7_9,potsdam,urban,train,data/train/images/potsdam_7_9_009.tif,data/train/dem/potsdam_7_9_009.tif,512,512,EPSG:32633,28.41,42.04,13.63
potsdam_7_9_010,7_9,potsdam,urban,train,data/train/images/potsdam_7_9_010.tif,data/train/dem/potsdam_7_9_010.tif,512,512,EPSG:32633,31.17,45.1,13.93
potsdam_7_9_011,7_9,potsdam,urban,train,data/train/images/potsdam_7_9_011.tif,data/train/dem/potsdam_7_9_011.tif,512,512,EPSG:32633,30.68,49.53,18.85
potsdam_7_9_012,7_9,potsdam,urban,train,data/train/images/potsdam_7_9_012.tif,data/train/dem/potsdam_7_9_012.tif,512,512,EPSG:32633,29.94,34.34,4.4
potsdam_7_9_013,7_9,potsdam,urban,train,data/train/images/potsdam_7_9_013.tif,data/train/dem/potsdam_7_9_013.tif,512,512,EPSG:32633,28.0,46.92,18.92
potsdam_7_9_014,7_9,potsdam,urban,train,data/train/images/potsdam_7_9_014.tif,data/train/dem/potsdam_7_9_014.tif,512,512,EPSG:32633,31.01,34.92,3.9
potsdam_7_9_015,7_9,potsdam,urban,train,data/train/images/potsdam_7_9_015.tif,data/train/dem/potsdam_7_9_015.tif,512,512,EPSG:32633,28.01,50.46,22.45
potsdam_7_9_016,7_9,potsdam,urban,train,data/train/images/potsdam_7_9_016.tif,data/train/dem/potsdam_7_9_016.tif,512,512,EPSG:32633,28.15,34.12,5.96
potsdam_7_9_017,7_9,potsdam,urban,train,data/train/images/potsdam_7_9_017.tif,data/train/dem/potsdam_7_9_017.tif,512,512,EPSG:32633,30.87,69.88,39.01
potsdam_7_9_018,7_9,potsdam,urban,train,data/train/images/potsdam_7_9_018.tif,data/train/dem/potsdam_7_9_018.tif,512,512,EPSG:32633,30.18,57.86,27.67
potsdam_7_9_019,7_9,potsdam,urban,train,data/train/images/potsdam_7_9_019.tif,data/train/dem/potsdam_7_9_019.tif,512,512,EPSG:32633,28.64,58.29,29.65
potsdam_7_9_020,7_9,potsdam,urban,train,data/train/images/potsdam_7_9_020.tif,data/train/dem/potsdam_7_9_020.tif,512,512,EPSG:32633,28.24,54.14,25.9
potsdam_7_9_021,7_9,potsdam,urban,train,data/train/images/potsdam_7_9_021.tif,data/train/dem/potsdam_7_9_021.tif,512,512,EPSG:32633,31.27,69.79,38.52
potsdam_7_9_022,7_9,potsdam,urban,train,data/train/images/potsdam_7_9_022.tif,data/train/dem/potsdam_7_9_022.tif,512,512,EPSG:32633,30.62,41.23,10.6
potsdam_7_9_023,7_9,potsdam,urban,train,data/train/images/potsdam_7_9_023.tif,data/train/dem/potsdam_7_9_023.tif,512,512,EPSG:32633,27.53,35.87,8.34
potsdam_7_9_024,7_9,potsdam,urban,train,data/train/images/potsdam_7_9_024.tif,data/train/dem/potsdam_7_9_024.tif,512,512,EPSG:32633,26.4,50.01,23.61
potsdam_2_12_000,2_12,potsdam,urban,validation,data/validation/images/potsdam_2_12_000.tif,data/validation/dem/potsdam_2_12_000.tif,512,512,EPSG:32633,42.45,56.43,13.98
potsdam_2_12_001,2_12,potsdam,urban,validation,data/validation/images/potsdam_2_12_001.tif,data/validation/dem/potsdam_2_12_001.tif,512,512,EPSG:32633,37.81,53.11,15.3
potsdam_2_12_002,2_12,potsdam,urban,validation,data/validation/images/potsdam_2_12_002.tif,data/validation/dem/potsdam_2_12_002.tif,512,512,EPSG:32633,39.57,55.83,16.25
potsdam_2_12_003,2_12,potsdam,urban,validation,data/validation/images/potsdam_2_12_003.tif,data/validation/dem/potsdam_2_12_003.tif,512,512,EPSG:32633,39.28,42.11,2.83
potsdam_2_12_004,2_12,potsdam,urban,validation,data/validation/images/potsdam_2_12_004.tif,data/validation/dem/potsdam_2_12_004.tif,512,512,EPSG:32633,38.44,41.32,2.88
potsdam_2_12_005,2_12,potsdam,urban,validation,data/validation/images/potsdam_2_12_005.tif,data/validation/dem/potsdam_2_12_005.tif,512,512,EPSG:32633,40.62,56.26,15.64
potsdam_2_12_006,2_12,potsdam,urban,validation,data/validation/images/potsdam_2_12_006.tif,data/validation/dem/potsdam_2_12_006.tif,512,512,EPSG:32633,38.39,56.99,18.6
potsdam_2_12_007,2_12,potsdam,urban,validation,data/validation/images/potsdam_2_12_007.tif,data/validation/dem/potsdam_2_12_007.tif,512,512,EPSG:32633,35.81,58.76,22.96
potsdam_2_12_008,2_12,potsdam,urban,validation,data/validation/images/potsdam_2_12_008.tif,data/validation/dem/potsdam_2_12_008.tif,512,512,EPSG:32633,38.65,42.79,4.14
potsdam_2_12_009,2_12,potsdam,urban,validation,data/validation/images/potsdam_2_12_009.tif,data/validation/dem/potsdam_2_12_009.tif,512,512,EPSG:32633,39.11,41.06,1.96
potsdam_2_12_010,2_12,potsdam,urban,validation,data/validation/images/potsdam_2_12_010.tif,data/validation/dem/potsdam_2_12_010.tif,512,512,EPSG:32633,39.01,56.03,17.02
potsdam_2_12_011,2_12,potsdam,urban,validation,data/validation/images/potsdam_2_12_011.tif,data/validation/dem/potsdam_2_12_011.tif,512,512,EPSG:32633,38.87,58.19,19.32
potsdam_2_12_012,2_12,potsdam,urban,validation,data/validation/images/potsdam_2_12_012.tif,data/validation/dem/potsdam_2_12_012.tif,512,512,EPSG:32633,35.56,47.11,11.55
potsdam_2_12_013,2_12,potsdam,urban,validation,data/validation/images/potsdam_2_12_013.tif,data/validation/dem/potsdam_2_12_013.tif,512,512,EPSG:32633,38.62,47.7,9.08
potsdam_2_12_014,2_12,potsdam,urban,validation,data/validation/images/potsdam_2_12_014.tif,data/validation/dem/potsdam_2_12_014.tif,512,512,EPSG:32633,39.01,44.52,5.52
potsdam_2_12_015,2_12,potsdam,urban,validation,data/validation/images/potsdam_2_12_015.tif,data/validation/dem/potsdam_2_12_015.tif,512,512,EPSG:32633,36.51,57.65,21.14
potsdam_2_12_016,2_12,potsdam,urban,validation,data/validation/images/potsdam_2_12_016.tif,data/validation/dem/potsdam_2_12_016.tif,512,512,EPSG:32633,35.15,55.99,20.84
potsdam_2_12_017,2_12,potsdam,urban,validation,data/validation/images/potsdam_2_12_017.tif,data/validation/dem/potsdam_2_12_017.tif,512,512,EPSG:32633,36.32,49.12,12.8
potsdam_2_12_018,2_12,potsdam,urban,validation,data/validation/images/potsdam_2_12_018.tif,data/validation/dem/potsdam_2_12_018.tif,512,512,EPSG:32633,37.68,41.01,3.33
potsdam_2_12_019,2_12,potsdam,urban,validation,data/validation/images/potsdam_2_12_019.tif,data/validation/dem/potsdam_2_12_019.tif,512,512,EPSG:32633,38.23,39.81,1.58
potsdam_2_12_020,2_12,potsdam,urban,validation,data/validation/images/potsdam_2_12_020.tif,data/validation/dem/potsdam_2_12_020.tif,512,512,EPSG:32633,41.22,54.45,13.23
potsdam_2_12_021,2_12,potsdam,urban,validation,data/validation/images/potsdam_2_12_021.tif,data/validation/dem/potsdam_2_12_021.tif,512,512,EPSG:32633,36.09,45.47,9.38
potsdam_2_12_022,2_12,potsdam,urban,validation,data/validation/images/potsdam_2_12_022.tif,data/validation/dem/potsdam_2_12_022.tif,512,512,EPSG:32633,35.56,44.14,8.58
potsdam_2_12_023,2_12,potsdam,urban,validation,data/validation/images/potsdam_2_12_023.tif,data/validation/dem/potsdam_2_12_023.tif,512,512,EPSG:32633,36.82,41.16,4.34
potsdam_2_12_024,2_12,potsdam,urban,validation,data/validation/images/potsdam_2_12_024.tif,data/validation/dem/potsdam_2_12_024.tif,512,512,EPSG:32633,37.54,39.44,1.9
potsdam_3_11_000,3_11,potsdam,urban,validation,data/validation/images/potsdam_3_11_000.tif,data/validation/dem/potsdam_3_11_000.tif,512,512,EPSG:32633,40.5,51.29,10.79
potsdam_3_11_001,3_11,potsdam,urban,validation,data/validation/images/potsdam_3_11_001.tif,data/validation/dem/potsdam_3_11_001.tif,512,512,EPSG:32633,37.7,61.44,23.75
potsdam_3_11_002,3_11,potsdam,urban,validation,data/validation/images/potsdam_3_11_002.tif,data/validation/dem/potsdam_3_11_002.tif,512,512,EPSG:32633,35.91,64.23,28.32
potsdam_3_11_003,3_11,potsdam,urban,validation,data/validation/images/potsdam_3_11_003.tif,data/validation/dem/potsdam_3_11_003.tif,512,512,EPSG:32633,32.36,53.78,21.42
potsdam_3_11_004,3_11,potsdam,urban,validation,data/validation/images/potsdam_3_11_004.tif,data/validation/dem/potsdam_3_11_004.tif,512,512,EPSG:32633,32.47,58.28,25.82
potsdam_3_11_005,3_11,potsdam,urban,validation,data/validation/images/potsdam_3_11_005.tif,data/validation/dem/potsdam_3_11_005.tif,512,512,EPSG:32633,36.31,65.12,28.81
potsdam_3_11_006,3_11,potsdam,urban,validation,data/validation/images/potsdam_3_11_006.tif,data/validation/dem/potsdam_3_11_006.tif,512,512,EPSG:32633,37.65,44.74,7.09
potsdam_3_11_007,3_11,potsdam,urban,validation,data/validation/images/potsdam_3_11_007.tif,data/validation/dem/potsdam_3_11_007.tif,512,512,EPSG:32633,36.92,47.91,10.99
potsdam_3_11_008,3_11,potsdam,urban,validation,data/validation/images/potsdam_3_11_008.tif,data/validation/dem/potsdam_3_11_008.tif,512,512,EPSG:32633,37.18,48.83,11.65
potsdam_3_11_009,3_11,potsdam,urban,validation,data/validation/images/potsdam_3_11_009.tif,data/validation/dem/potsdam_3_11_009.tif,512,512,EPSG:32633,37.1,47.76,10.65
potsdam_3_11_010,3_11,potsdam,urban,validation,data/validation/images/potsdam_3_11_010.tif,data/validation/dem/potsdam_3_11_010.tif,512,512,EPSG:32633,38.85,41.63,2.78
potsdam_3_11_011,3_11,potsdam,urban,validation,data/validation/images/potsdam_3_11_011.tif,data/validation/dem/potsdam_3_11_011.tif,512,512,EPSG:32633,37.66,51.71,14.05
potsdam_3_11_012,3_11,potsdam,urban,validation,data/validation/images/potsdam_3_11_012.tif,data/validation/dem/potsdam_3_11_012.tif,512,512,EPSG:32633,33.07,41.26,8.19
potsdam_3_11_013,3_11,potsdam,urban,validation,data/validation/images/potsdam_3_11_013.tif,data/validation/dem/potsdam_3_11_013.tif,512,512,EPSG:32633,37.26,50.21,12.95
potsdam_3_11_014,3_11,potsdam,urban,validation,data/validation/images/potsdam_3_11_014.tif,data/validation/dem/potsdam_3_11_014.tif,512,512,EPSG:32633,36.6,37.72,1.12
potsdam_3_11_015,3_11,potsdam,urban,validation,data/validation/images/potsdam_3_11_015.tif,data/validation/dem/potsdam_3_11_015.tif,512,512,EPSG:32633,37.51,45.08,7.58
potsdam_3_11_016,3_11,potsdam,urban,validation,data/validation/images/potsdam_3_11_016.tif,data/validation/dem/potsdam_3_11_016.tif,512,512,EPSG:32633,36.77,48.84,12.08
potsdam_3_11_017,3_11,potsdam,urban,validation,data/validation/images/potsdam_3_11_017.tif,data/validation/dem/potsdam_3_11_017.tif,512,512,EPSG:32633,33.2,47.71,14.51
potsdam_3_11_018,3_11,potsdam,urban,validation,data/validation/images/potsdam_3_11_018.tif,data/validation/dem/potsdam_3_11_018.tif,512,512,EPSG:32633,36.61,47.63,11.02
potsdam_3_11_019,3_11,potsdam,urban,validation,data/validation/images/potsdam_3_11_019.tif,data/validation/dem/potsdam_3_11_019.tif,512,512,EPSG:32633,36.32,37.49,1.17
potsdam_3_11_020,3_11,potsdam,urban,validation,data/validation/images/potsdam_3_11_020.tif,data/validation/dem/potsdam_3_11_020.tif,512,512,EPSG:32633,34.63,52.85,18.23
potsdam_3_11_021,3_11,potsdam,urban,validation,data/validation/images/potsdam_3_11_021.tif,data/validation/dem/potsdam_3_11_021.tif,512,512,EPSG:32633,35.88,42.79,6.92
potsdam_3_11_022,3_11,potsdam,urban,validation,data/validation/images/potsdam_3_11_022.tif,data/validation/dem/potsdam_3_11_022.tif,512,512,EPSG:32633,35.43,41.19,5.76
potsdam_3_11_023,3_11,potsdam,urban,validation,data/validation/images/potsdam_3_11_023.tif,data/validation/dem/potsdam_3_11_023.tif,512,512,EPSG:32633,35.12,46.04,10.92
potsdam_3_11_024,3_11,potsdam,urban,validation,data/validation/images/potsdam_3_11_024.tif,data/validation/dem/potsdam_3_11_024.tif,512,512,EPSG:32633,31.13,59.24,28.11
potsdam_5_15_000,5_15,potsdam,urban,validation,data/validation/images/potsdam_5_15_000.tif,data/validation/dem/potsdam_5_15_000.tif,512,512,EPSG:32633,29.42,48.38,18.96
potsdam_5_15_001,5_15,potsdam,urban,validation,data/validation/images/potsdam_5_15_001.tif,data/validation/dem/potsdam_5_15_001.tif,512,512,EPSG:32633,28.35,49.47,21.12
potsdam_5_15_002,5_15,potsdam,urban,validation,data/validation/images/potsdam_5_15_002.tif,data/validation/dem/potsdam_5_15_002.tif,512,512,EPSG:32633,30.0,47.43,17.43
potsdam_5_15_003,5_15,potsdam,urban,validation,data/validation/images/potsdam_5_15_003.tif,data/validation/dem/potsdam_5_15_003.tif,512,512,EPSG:32633,28.26,44.67,16.41
potsdam_5_15_004,5_15,potsdam,urban,validation,data/validation/images/potsdam_5_15_004.tif,data/validation/dem/potsdam_5_15_004.tif,512,512,EPSG:32633,28.73,49.62,20.9
potsdam_5_15_005,5_15,potsdam,urban,validation,data/validation/images/potsdam_5_15_005.tif,data/validation/dem/potsdam_5_15_005.tif,512,512,EPSG:32633,30.65,38.08,7.42
potsdam_5_15_006,5_15,potsdam,urban,validation,data/validation/images/potsdam_5_15_006.tif,data/validation/dem/potsdam_5_15_006.tif,512,512,EPSG:32633,25.34,48.14,22.8
potsdam_5_15_007,5_15,potsdam,urban,validation,data/validation/images/potsdam_5_15_007.tif,data/validation/dem/potsdam_5_15_007.tif,512,512,EPSG:32633,30.88,49.64,18.76
potsdam_5_15_008,5_15,potsdam,urban,validation,data/validation/images/potsdam_5_15_008.tif,data/validation/dem/potsdam_5_15_008.tif,512,512,EPSG:32633,30.18,53.18,23.0
potsdam_5_15_009,5_15,potsdam,urban,validation,data/validation/images/potsdam_5_15_009.tif,data/validation/dem/potsdam_5_15_009.tif,512,512,EPSG:32633,28.65,33.54,4.89
potsdam_5_15_010,5_15,potsdam,urban,validation,data/validation/images/potsdam_5_15_010.tif,data/validation/dem/potsdam_5_15_010.tif,512,512,EPSG:32633,32.24,39.38,7.14
potsdam_5_15_011,5_15,potsdam,urban,validation,data/validation/images/potsdam_5_15_011.tif,data/validation/dem/potsdam_5_15_011.tif,512,512,EPSG:32633,18.75,57.23,38.48
potsdam_5_15_012,5_15,potsdam,urban,validation,data/validation/images/potsdam_5_15_012.tif,data/validation/dem/potsdam_5_15_012.tif,512,512,EPSG:32633,26.09,50.25,24.15
potsdam_5_15_013,5_15,potsdam,urban,validation,data/validation/images/potsdam_5_15_013.tif,data/validation/dem/potsdam_5_15_013.tif,512,512,EPSG:32633,29.67,53.94,24.27
potsdam_5_15_014,5_15,potsdam,urban,validation,data/validation/images/potsdam_5_15_014.tif,data/validation/dem/potsdam_5_15_014.tif,512,512,EPSG:32633,29.92,33.93,4.01
potsdam_5_15_015,5_15,potsdam,urban,validation,data/validation/images/potsdam_5_15_015.tif,data/validation/dem/potsdam_5_15_015.tif,512,512,EPSG:32633,32.0,40.0,8.01
potsdam_5_15_016,5_15,potsdam,urban,validation,data/validation/images/potsdam_5_15_016.tif,data/validation/dem/potsdam_5_15_016.tif,512,512,EPSG:32633,31.82,48.3,16.49
potsdam_5_15_017,5_15,potsdam,urban,validation,data/validation/images/potsdam_5_15_017.tif,data/validation/dem/potsdam_5_15_017.tif,512,512,EPSG:32633,30.81,44.8,13.99
potsdam_5_15_018,5_15,potsdam,urban,validation,data/validation/images/potsdam_5_15_018.tif,data/validation/dem/potsdam_5_15_018.tif,512,512,EPSG:32633,29.92,49.47,19.56
potsdam_5_15_019,5_15,potsdam,urban,validation,data/validation/images/potsdam_5_15_019.tif,data/validation/dem/potsdam_5_15_019.tif,512,512,EPSG:32633,30.58,48.82,18.24
potsdam_5_15_020,5_15,potsdam,urban,validation,data/validation/images/potsdam_5_15_020.tif,data/validation/dem/potsdam_5_15_020.tif,512,512,EPSG:32633,31.92,51.12,19.2
potsdam_5_15_021,5_15,potsdam,urban,validation,data/validation/images/potsdam_5_15_021.tif,data/validation/dem/potsdam_5_15_021.tif,512,512,EPSG:32633,30.54,44.16,13.63
potsdam_5_15_022,5_15,potsdam,urban,validation,data/validation/images/potsdam_5_15_022.tif,data/validation/dem/potsdam_5_15_022.tif,512,512,EPSG:32633,29.42,39.38,9.96
potsdam_5_15_023,5_15,potsdam,urban,validation,data/validation/images/potsdam_5_15_023.tif,data/validation/dem/potsdam_5_15_023.tif,512,512,EPSG:32633,30.51,50.6,20.09
potsdam_5_15_024,5_15,potsdam,urban,validation,data/validation/images/potsdam_5_15_024.tif,data/validation/dem/potsdam_5_15_024.tif,512,512,EPSG:32633,31.71,45.56,13.84
potsdam_6_13_000,6_13,potsdam,urban,validation,data/validation/images/potsdam_6_13_000.tif,data/validation/dem/potsdam_6_13_000.tif,512,512,EPSG:32633,31.12,46.14,15.02
potsdam_6_13_001,6_13,potsdam,urban,validation,data/validation/images/potsdam_6_13_001.tif,data/validation/dem/potsdam_6_13_001.tif,512,512,EPSG:32633,28.86,49.02,20.16
potsdam_6_13_002,6_13,potsdam,urban,validation,data/validation/images/potsdam_6_13_002.tif,data/validation/dem/potsdam_6_13_002.tif,512,512,EPSG:32633,30.8,35.85,5.05
potsdam_6_13_003,6_13,potsdam,urban,validation,data/validation/images/potsdam_6_13_003.tif,data/validation/dem/potsdam_6_13_003.tif,512,512,EPSG:32633,29.72,37.1,7.38
potsdam_6_13_004,6_13,potsdam,urban,validation,data/validation/images/potsdam_6_13_004.tif,data/validation/dem/potsdam_6_13_004.tif,512,512,EPSG:32633,28.42,42.25,13.83
potsdam_6_13_005,6_13,potsdam,urban,validation,data/validation/images/potsdam_6_13_005.tif,data/validation/dem/potsdam_6_13_005.tif,512,512,EPSG:32633,25.29,57.17,31.88
potsdam_6_13_006,6_13,potsdam,urban,validation,data/validation/images/potsdam_6_13_006.tif,data/validation/dem/potsdam_6_13_006.tif,512,512,EPSG:32633,30.75,53.02,22.27
potsdam_6_13_007,6_13,potsdam,urban,validation,data/validation/images/potsdam_6_13_007.tif,data/validation/dem/potsdam_6_13_007.tif,512,512,EPSG:32633,26.35,49.16,22.82
potsdam_6_13_008,6_13,potsdam,urban,validation,data/validation/images/potsdam_6_13_008.tif,data/validation/dem/potsdam_6_13_008.tif,512,512,EPSG:32633,29.35,50.24,20.89
potsdam_6_13_009,6_13,potsdam,urban,validation,data/validation/images/potsdam_6_13_009.tif,data/validation/dem/potsdam_6_13_009.tif,512,512,EPSG:32633,29.55,39.27,9.72
potsdam_6_13_010,6_13,potsdam,urban,validation,data/validation/images/potsdam_6_13_010.tif,data/validation/dem/potsdam_6_13_010.tif,512,512,EPSG:32633,31.06,57.05,25.99
potsdam_6_13_011,6_13,potsdam,urban,validation,data/validation/images/potsdam_6_13_011.tif,data/validation/dem/potsdam_6_13_011.tif,512,512,EPSG:32633,30.71,51.0,20.29
potsdam_6_13_012,6_13,potsdam,urban,validation,data/validation/images/potsdam_6_13_012.tif,data/validation/dem/potsdam_6_13_012.tif,512,512,EPSG:32633,24.5,51.96,27.46
potsdam_6_13_013,6_13,potsdam,urban,validation,data/validation/images/potsdam_6_13_013.tif,data/validation/dem/potsdam_6_13_013.tif,512,512,EPSG:32633,31.49,47.35,15.86
potsdam_6_13_014,6_13,potsdam,urban,validation,data/validation/images/potsdam_6_13_014.tif,data/validation/dem/potsdam_6_13_014.tif,512,512,EPSG:32633,32.26,47.18,14.93
potsdam_6_13_015,6_13,potsdam,urban,validation,data/validation/images/potsdam_6_13_015.tif,data/validation/dem/potsdam_6_13_015.tif,512,512,EPSG:32633,29.74,32.69,2.94
potsdam_6_13_016,6_13,potsdam,urban,validation,data/validation/images/potsdam_6_13_016.tif,data/validation/dem/potsdam_6_13_016.tif,512,512,EPSG:32633,29.39,37.56,8.17
potsdam_6_13_017,6_13,potsdam,urban,validation,data/validation/images/potsdam_6_13_017.tif,data/validation/dem/potsdam_6_13_017.tif,512,512,EPSG:32633,30.43,51.94,21.5
potsdam_6_13_018,6_13,potsdam,urban,validation,data/validation/images/potsdam_6_13_018.tif,data/validation/dem/potsdam_6_13_018.tif,512,512,EPSG:32633,31.76,47.45,15.69
potsdam_6_13_019,6_13,potsdam,urban,validation,data/validation/images/potsdam_6_13_019.tif,data/validation/dem/potsdam_6_13_019.tif,512,512,EPSG:32633,32.1,47.54,15.44
potsdam_6_13_020,6_13,potsdam,urban,validation,data/validation/images/potsdam_6_13_020.tif,data/validation/dem/potsdam_6_13_020.tif,512,512,EPSG:32633,31.68,35.92,4.25
potsdam_6_13_021,6_13,potsdam,urban,validation,data/validation/images/potsdam_6_13_021.tif,data/validation/dem/potsdam_6_13_021.tif,512,512,EPSG:32633,30.33,33.41,3.09
potsdam_6_13_022,6_13,potsdam,urban,validation,data/validation/images/potsdam_6_13_022.tif,data/validation/dem/potsdam_6_13_022.tif,512,512,EPSG:32633,29.93,51.87,21.94
potsdam_6_13_023,6_13,potsdam,urban,validation,data/validation/images/potsdam_6_13_023.tif,data/validation/dem/potsdam_6_13_023.tif,512,512,EPSG:32633,30.82,38.57,7.76
potsdam_6_13_024,6_13,potsdam,urban,validation,data/validation/images/potsdam_6_13_024.tif,data/validation/dem/potsdam_6_13_024.tif,512,512,EPSG:32633,30.01,37.9,7.88
potsdam_6_8_000,6_8,potsdam,urban,validation,data/validation/images/potsdam_6_8_000.tif,data/validation/dem/potsdam_6_8_000.tif,512,512,EPSG:32633,30.43,37.69,7.26
potsdam_6_8_001,6_8,potsdam,urban,validation,data/validation/images/potsdam_6_8_001.tif,data/validation/dem/potsdam_6_8_001.tif,512,512,EPSG:32633,31.08,37.0,5.92
potsdam_6_8_002,6_8,potsdam,urban,validation,data/validation/images/potsdam_6_8_002.tif,data/validation/dem/potsdam_6_8_002.tif,512,512,EPSG:32633,30.89,35.75,4.86
potsdam_6_8_003,6_8,potsdam,urban,validation,data/validation/images/potsdam_6_8_003.tif,data/validation/dem/potsdam_6_8_003.tif,512,512,EPSG:32633,30.69,35.28,4.59
potsdam_6_8_004,6_8,potsdam,urban,validation,data/validation/images/potsdam_6_8_004.tif,data/validation/dem/potsdam_6_8_004.tif,512,512,EPSG:32633,29.18,44.51,15.33
potsdam_6_8_005,6_8,potsdam,urban,validation,data/validation/images/potsdam_6_8_005.tif,data/validation/dem/potsdam_6_8_005.tif,512,512,EPSG:32633,30.6,46.11,15.51
potsdam_6_8_006,6_8,potsdam,urban,validation,data/validation/images/potsdam_6_8_006.tif,data/validation/dem/potsdam_6_8_006.tif,512,512,EPSG:32633,31.18,36.11,4.93
potsdam_6_8_007,6_8,potsdam,urban,validation,data/validation/images/potsdam_6_8_007.tif,data/validation/dem/potsdam_6_8_007.tif,512,512,EPSG:32633,31.04,33.8,2.76
potsdam_6_8_008,6_8,potsdam,urban,validation,data/validation/images/potsdam_6_8_008.tif,data/validation/dem/potsdam_6_8_008.tif,512,512,EPSG:32633,27.22,41.6,14.38
potsdam_6_8_009,6_8,potsdam,urban,validation,data/validation/images/potsdam_6_8_009.tif,data/validation/dem/potsdam_6_8_009.tif,512,512,EPSG:32633,28.87,52.26,23.39
potsdam_6_8_010,6_8,potsdam,urban,validation,data/validation/images/potsdam_6_8_010.tif,data/validation/dem/potsdam_6_8_010.tif,512,512,EPSG:32633,28.02,43.54,15.52
potsdam_6_8_011,6_8,potsdam,urban,validation,data/validation/images/potsdam_6_8_011.tif,data/validation/dem/potsdam_6_8_011.tif,512,512,EPSG:32633,30.89,38.19,7.31
potsdam_6_8_012,6_8,potsdam,urban,validation,data/validation/images/potsdam_6_8_012.tif,data/validation/dem/potsdam_6_8_012.tif,512,512,EPSG:32633,30.3,43.46,13.16
potsdam_6_8_013,6_8,potsdam,urban,validation,data/validation/images/potsdam_6_8_013.tif,data/validation/dem/potsdam_6_8_013.tif,512,512,EPSG:32633,31.06,38.18,7.12
potsdam_6_8_014,6_8,potsdam,urban,validation,data/validation/images/potsdam_6_8_014.tif,data/validation/dem/potsdam_6_8_014.tif,512,512,EPSG:32633,29.14,54.41,25.27
potsdam_6_8_015,6_8,potsdam,urban,validation,data/validation/images/potsdam_6_8_015.tif,data/validation/dem/potsdam_6_8_015.tif,512,512,EPSG:32633,31.27,51.62,20.35
potsdam_6_8_016,6_8,potsdam,urban,validation,data/validation/images/potsdam_6_8_016.tif,data/validation/dem/potsdam_6_8_016.tif,512,512,EPSG:32633,31.06,40.02,8.96
potsdam_6_8_017,6_8,potsdam,urban,validation,data/validation/images/potsdam_6_8_017.tif,data/validation/dem/potsdam_6_8_017.tif,512,512,EPSG:32633,30.8,46.38,15.58
potsdam_6_8_018,6_8,potsdam,urban,validation,data/validation/images/potsdam_6_8_018.tif,data/validation/dem/potsdam_6_8_018.tif,512,512,EPSG:32633,29.95,42.72,12.77
potsdam_6_8_019,6_8,potsdam,urban,validation,data/validation/images/potsdam_6_8_019.tif,data/validation/dem/potsdam_6_8_019.tif,512,512,EPSG:32633,27.74,58.57,30.83
potsdam_6_8_020,6_8,potsdam,urban,validation,data/validation/images/potsdam_6_8_020.tif,data/validation/dem/potsdam_6_8_020.tif,512,512,EPSG:32633,30.74,54.53,23.79
potsdam_6_8_021,6_8,potsdam,urban,validation,data/validation/images/potsdam_6_8_021.tif,data/validation/dem/potsdam_6_8_021.tif,512,512,EPSG:32633,26.24,50.36,24.12
potsdam_6_8_022,6_8,potsdam,urban,validation,data/validation/images/potsdam_6_8_022.tif,data/validation/dem/potsdam_6_8_022.tif,512,512,EPSG:32633,27.65,48.23,20.58
potsdam_6_8_023,6_8,potsdam,urban,validation,data/validation/images/potsdam_6_8_023.tif,data/validation/dem/potsdam_6_8_023.tif,512,512,EPSG:32633,30.48,54.42,23.94
potsdam_6_8_024,6_8,potsdam,urban,validation,data/validation/images/potsdam_6_8_024.tif,data/validation/dem/potsdam_6_8_024.tif,512,512,EPSG:32633,31.16,50.0,18.84
potsdam_7_11_000,7_11,potsdam,urban,validation,data/validation/images/potsdam_7_11_000.tif,data/validation/dem/potsdam_7_11_000.tif,512,512,EPSG:32633,30.4,38.43,8.03
potsdam_7_11_001,7_11,potsdam,urban,validation,data/validation/images/potsdam_7_11_001.tif,data/validation/dem/potsdam_7_11_001.tif,512,512,EPSG:32633,30.18,47.88,17.7
potsdam_7_11_002,7_11,potsdam,urban,validation,data/validation/images/potsdam_7_11_002.tif,data/validation/dem/potsdam_7_11_002.tif,512,512,EPSG:32633,30.25,49.21,18.96
potsdam_7_11_003,7_11,potsdam,urban,validation,data/validation/images/potsdam_7_11_003.tif,data/validation/dem/potsdam_7_11_003.tif,512,512,EPSG:32633,31.56,52.4,20.84
potsdam_7_11_004,7_11,potsdam,urban,validation,data/validation/images/potsdam_7_11_004.tif,data/validation/dem/potsdam_7_11_004.tif,512,512,EPSG:32633,30.69,57.4,26.71
potsdam_7_11_005,7_11,potsdam,urban,validation,data/validation/images/potsdam_7_11_005.tif,data/validation/dem/potsdam_7_11_005.tif,512,512,EPSG:32633,31.12,46.63,15.51
potsdam_7_11_006,7_11,potsdam,urban,validation,data/validation/images/potsdam_7_11_006.tif,data/validation/dem/potsdam_7_11_006.tif,512,512,EPSG:32633,30.35,50.35,20.0
potsdam_7_11_007,7_11,potsdam,urban,validation,data/validation/images/potsdam_7_11_007.tif,data/validation/dem/potsdam_7_11_007.tif,512,512,EPSG:32633,29.95,52.38,22.43
potsdam_7_11_008,7_11,potsdam,urban,validation,data/validation/images/potsdam_7_11_008.tif,data/validation/dem/potsdam_7_11_008.tif,512,512,EPSG:32633,30.82,50.95,20.14
potsdam_7_11_009,7_11,potsdam,urban,validation,data/validation/images/potsdam_7_11_009.tif,data/validation/dem/potsdam_7_11_009.tif,512,512,EPSG:32633,30.52,49.87,19.34
potsdam_7_11_010,7_11,potsdam,urban,validation,data/validation/images/potsdam_7_11_010.tif,data/validation/dem/potsdam_7_11_010.tif,512,512,EPSG:32633,29.84,52.39,22.55
potsdam_7_11_011,7_11,potsdam,urban,validation,data/validation/images/potsdam_7_11_011.tif,data/validation/dem/potsdam_7_11_011.tif,512,512,EPSG:32633,28.98,48.57,19.59
potsdam_7_11_012,7_11,potsdam,urban,validation,data/validation/images/potsdam_7_11_012.tif,data/validation/dem/potsdam_7_11_012.tif,512,512,EPSG:32633,30.53,48.65,18.12
potsdam_7_11_013,7_11,potsdam,urban,validation,data/validation/images/potsdam_7_11_013.tif,data/validation/dem/potsdam_7_11_013.tif,512,512,EPSG:32633,30.03,39.47,9.44
potsdam_7_11_014,7_11,potsdam,urban,validation,data/validation/images/potsdam_7_11_014.tif,data/validation/dem/potsdam_7_11_014.tif,512,512,EPSG:32633,29.88,48.44,18.55
potsdam_7_11_015,7_11,potsdam,urban,validation,data/validation/images/potsdam_7_11_015.tif,data/validation/dem/potsdam_7_11_015.tif,512,512,EPSG:32633,30.17,38.61,8.43
potsdam_7_11_016,7_11,potsdam,urban,validation,data/validation/images/potsdam_7_11_016.tif,data/validation/dem/potsdam_7_11_016.tif,512,512,EPSG:32633,29.58,51.49,21.92
potsdam_7_11_017,7_11,potsdam,urban,validation,data/validation/images/potsdam_7_11_017.tif,data/validation/dem/potsdam_7_11_017.tif,512,512,EPSG:32633,29.45,46.57,17.12
potsdam_7_11_018,7_11,potsdam,urban,validation,data/validation/images/potsdam_7_11_018.tif,data/validation/dem/potsdam_7_11_018.tif,512,512,EPSG:32633,28.81,54.66,25.85
potsdam_7_11_019,7_11,potsdam,urban,validation,data/validation/images/potsdam_7_11_019.tif,data/validation/dem/potsdam_7_11_019.tif,512,512,EPSG:32633,27.96,38.89,10.93
potsdam_7_11_020,7_11,potsdam,urban,validation,data/validation/images/potsdam_7_11_020.tif,data/validation/dem/potsdam_7_11_020.tif,512,512,EPSG:32633,30.53,51.82,21.29
potsdam_7_11_021,7_11,potsdam,urban,validation,data/validation/images/potsdam_7_11_021.tif,data/validation/dem/potsdam_7_11_021.tif,512,512,EPSG:32633,31.38,52.35,20.97
potsdam_7_11_022,7_11,potsdam,urban,validation,data/validation/images/potsdam_7_11_022.tif,data/validation/dem/potsdam_7_11_022.tif,512,512,EPSG:32633,28.47,53.82,25.36
potsdam_7_11_023,7_11,potsdam,urban,validation,data/validation/images/potsdam_7_11_023.tif,data/validation/dem/potsdam_7_11_023.tif,512,512,EPSG:32633,28.61,53.01,24.4
potsdam_7_11_024,7_11,potsdam,urban,validation,data/validation/images/potsdam_7_11_024.tif,data/validation/dem/potsdam_7_11_024.tif,512,512,EPSG:32633,28.75,51.92,23.17
potsdam_2_11_000,2_11,potsdam,urban,test,data/test/images/potsdam_2_11_000.tif,data/test/dem/potsdam_2_11_000.tif,512,512,EPSG:32633,41.85,47.32,5.47
potsdam_2_11_001,2_11,potsdam,urban,test,data/test/images/potsdam_2_11_001.tif,data/test/dem/potsdam_2_11_001.tif,512,512,EPSG:32633,41.37,45.84,4.48
potsdam_2_11_002,2_11,potsdam,urban,test,data/test/images/potsdam_2_11_002.tif,data/test/dem/potsdam_2_11_002.tif,512,512,EPSG:32633,41.37,51.11,9.74
potsdam_2_11_003,2_11,potsdam,urban,test,data/test/images/potsdam_2_11_003.tif,data/test/dem/potsdam_2_11_003.tif,512,512,EPSG:32633,42.71,46.38,3.67
potsdam_2_11_004,2_11,potsdam,urban,test,data/test/images/potsdam_2_11_004.tif,data/test/dem/potsdam_2_11_004.tif,512,512,EPSG:32633,42.48,56.58,14.1
potsdam_2_11_005,2_11,potsdam,urban,test,data/test/images/potsdam_2_11_005.tif,data/test/dem/potsdam_2_11_005.tif,512,512,EPSG:32633,38.31,48.09,9.79
potsdam_2_11_006,2_11,potsdam,urban,test,data/test/images/potsdam_2_11_006.tif,data/test/dem/potsdam_2_11_006.tif,512,512,EPSG:32633,36.14,46.35,10.2
potsdam_2_11_007,2_11,potsdam,urban,test,data/test/images/potsdam_2_11_007.tif,data/test/dem/potsdam_2_11_007.tif,512,512,EPSG:32633,41.14,47.76,6.62
potsdam_2_11_008,2_11,potsdam,urban,test,data/test/images/potsdam_2_11_008.tif,data/test/dem/potsdam_2_11_008.tif,512,512,EPSG:32633,40.54,46.38,5.85
potsdam_2_11_009,2_11,potsdam,urban,test,data/test/images/potsdam_2_11_009.tif,data/test/dem/potsdam_2_11_009.tif,512,512,EPSG:32633,37.79,46.72,8.93
potsdam_2_11_010,2_11,potsdam,urban,test,data/test/images/potsdam_2_11_010.tif,data/test/dem/potsdam_2_11_010.tif,512,512,EPSG:32633,38.53,55.15,16.62
potsdam_2_11_011,2_11,potsdam,urban,test,data/test/images/potsdam_2_11_011.tif,data/test/dem/potsdam_2_11_011.tif,512,512,EPSG:32633,40.13,58.62,18.49
potsdam_2_11_012,2_11,potsdam,urban,test,data/test/images/potsdam_2_11_012.tif,data/test/dem/potsdam_2_11_012.tif,512,512,EPSG:32633,42.2,55.35,13.16
potsdam_2_11_013,2_11,potsdam,urban,test,data/test/images/potsdam_2_11_013.tif,data/test/dem/potsdam_2_11_013.tif,512,512,EPSG:32633,39.76,61.86,22.1
potsdam_2_11_014,2_11,potsdam,urban,test,data/test/images/potsdam_2_11_014.tif,data/test/dem/potsdam_2_11_014.tif,512,512,EPSG:32633,37.51,45.48,7.97
potsdam_2_11_015,2_11,potsdam,urban,test,data/test/images/potsdam_2_11_015.tif,data/test/dem/potsdam_2_11_015.tif,512,512,EPSG:32633,36.67,59.56,22.88
potsdam_2_11_016,2_11,potsdam,urban,test,data/test/images/potsdam_2_11_016.tif,data/test/dem/potsdam_2_11_016.tif,512,512,EPSG:32633,33.56,57.57,24.01
potsdam_2_11_017,2_11,potsdam,urban,test,data/test/images/potsdam_2_11_017.tif,data/test/dem/potsdam_2_11_017.tif,512,512,EPSG:32633,37.24,55.89,18.64
potsdam_2_11_018,2_11,potsdam,urban,test,data/test/images/potsdam_2_11_018.tif,data/test/dem/potsdam_2_11_018.tif,512,512,EPSG:32633,39.17,48.68,9.5
potsdam_2_11_019,2_11,potsdam,urban,test,data/test/images/potsdam_2_11_019.tif,data/test/dem/potsdam_2_11_019.tif,512,512,EPSG:32633,39.35,41.67,2.32
potsdam_2_11_020,2_11,potsdam,urban,test,data/test/images/potsdam_2_11_020.tif,data/test/dem/potsdam_2_11_020.tif,512,512,EPSG:32633,38.6,44.23,5.63
potsdam_2_11_021,2_11,potsdam,urban,test,data/test/images/potsdam_2_11_021.tif,data/test/dem/potsdam_2_11_021.tif,512,512,EPSG:32633,36.19,57.17,20.98
potsdam_2_11_022,2_11,potsdam,urban,test,data/test/images/potsdam_2_11_022.tif,data/test/dem/potsdam_2_11_022.tif,512,512,EPSG:32633,37.09,48.07,10.98
potsdam_2_11_023,2_11,potsdam,urban,test,data/test/images/potsdam_2_11_023.tif,data/test/dem/potsdam_2_11_023.tif,512,512,EPSG:32633,36.77,43.59,6.82
potsdam_2_11_024,2_11,potsdam,urban,test,data/test/images/potsdam_2_11_024.tif,data/test/dem/potsdam_2_11_024.tif,512,512,EPSG:32633,38.91,40.53,1.62
potsdam_3_12_000,3_12,potsdam,urban,test,data/test/images/potsdam_3_12_000.tif,data/test/dem/potsdam_3_12_000.tif,512,512,EPSG:32633,36.06,46.11,10.04
potsdam_3_12_001,3_12,potsdam,urban,test,data/test/images/potsdam_3_12_001.tif,data/test/dem/potsdam_3_12_001.tif,512,512,EPSG:32633,28.91,52.37,23.46
potsdam_3_12_002,3_12,potsdam,urban,test,data/test/images/potsdam_3_12_002.tif,data/test/dem/potsdam_3_12_002.tif,512,512,EPSG:32633,36.8,54.59,17.79
potsdam_3_12_003,3_12,potsdam,urban,test,data/test/images/potsdam_3_12_003.tif,data/test/dem/potsdam_3_12_003.tif,512,512,EPSG:32633,33.64,56.17,22.53
potsdam_3_12_004,3_12,potsdam,urban,test,data/test/images/potsdam_3_12_004.tif,data/test/dem/potsdam_3_12_004.tif,512,512,EPSG:32633,35.85,59.7,23.85
potsdam_3_12_005,3_12,potsdam,urban,test,data/test/images/potsdam_3_12_005.tif,data/test/dem/potsdam_3_12_005.tif,512,512,EPSG:32633,35.3,47.95,12.65
potsdam_3_12_006,3_12,potsdam,urban,test,data/test/images/potsdam_3_12_006.tif,data/test/dem/potsdam_3_12_006.tif,512,512,EPSG:32633,32.29,46.98,14.69
potsdam_3_12_007,3_12,potsdam,urban,test,data/test/images/potsdam_3_12_007.tif,data/test/dem/potsdam_3_12_007.tif,512,512,EPSG:32633,31.21,45.5,14.28
potsdam_3_12_008,3_12,potsdam,urban,test,data/test/images/potsdam_3_12_008.tif,data/test/dem/potsdam_3_12_008.tif,512,512,EPSG:32633,27.3,59.49,32.2
potsdam_3_12_009,3_12,potsdam,urban,test,data/test/images/potsdam_3_12_009.tif,data/test/dem/potsdam_3_12_009.tif,512,512,EPSG:32633,32.23,46.21,13.97
potsdam_3_12_010,3_12,potsdam,urban,test,data/test/images/potsdam_3_12_010.tif,data/test/dem/potsdam_3_12_010.tif,512,512,EPSG:32633,34.44,60.45,26.01
potsdam_3_12_011,3_12,potsdam,urban,test,data/test/images/potsdam_3_12_011.tif,data/test/dem/potsdam_3_12_011.tif,512,512,EPSG:32633,30.23,53.49,23.27
potsdam_3_12_012,3_12,potsdam,urban,test,data/test/images/potsdam_3_12_012.tif,data/test/dem/potsdam_3_12_012.tif,512,512,EPSG:32633,33.32,54.22,20.91
potsdam_3_12_013,3_12,potsdam,urban,test,data/test/images/potsdam_3_12_013.tif,data/test/dem/potsdam_3_12_013.tif,512,512,EPSG:32633,32.88,51.47,18.58
potsdam_3_12_014,3_12,potsdam,urban,test,data/test/images/potsdam_3_12_014.tif,data/test/dem/potsdam_3_12_014.tif,512,512,EPSG:32633,30.92,55.02,24.11
potsdam_3_12_015,3_12,potsdam,urban,test,data/test/images/potsdam_3_12_015.tif,data/test/dem/potsdam_3_12_015.tif,512,512,EPSG:32633,34.39,65.27,30.88
potsdam_3_12_016,3_12,potsdam,urban,test,data/test/images/potsdam_3_12_016.tif,data/test/dem/potsdam_3_12_016.tif,512,512,EPSG:32633,34.58,58.52,23.94
potsdam_3_12_017,3_12,potsdam,urban,test,data/test/images/potsdam_3_12_017.tif,data/test/dem/potsdam_3_12_017.tif,512,512,EPSG:32633,30.04,52.04,22.0
potsdam_3_12_018,3_12,potsdam,urban,test,data/test/images/potsdam_3_12_018.tif,data/test/dem/potsdam_3_12_018.tif,512,512,EPSG:32633,29.89,48.07,18.19
potsdam_3_12_019,3_12,potsdam,urban,test,data/test/images/potsdam_3_12_019.tif,data/test/dem/potsdam_3_12_019.tif,512,512,EPSG:32633,32.1,51.12,19.02
potsdam_3_12_020,3_12,potsdam,urban,test,data/test/images/potsdam_3_12_020.tif,data/test/dem/potsdam_3_12_020.tif,512,512,EPSG:32633,25.31,43.05,17.74
potsdam_3_12_021,3_12,potsdam,urban,test,data/test/images/potsdam_3_12_021.tif,data/test/dem/potsdam_3_12_021.tif,512,512,EPSG:32633,32.94,48.88,15.94
potsdam_3_12_022,3_12,potsdam,urban,test,data/test/images/potsdam_3_12_022.tif,data/test/dem/potsdam_3_12_022.tif,512,512,EPSG:32633,29.67,50.79,21.12
potsdam_3_12_023,3_12,potsdam,urban,test,data/test/images/potsdam_3_12_023.tif,data/test/dem/potsdam_3_12_023.tif,512,512,EPSG:32633,31.09,37.35,6.26
potsdam_3_12_024,3_12,potsdam,urban,test,data/test/images/potsdam_3_12_024.tif,data/test/dem/potsdam_3_12_024.tif,512,512,EPSG:32633,30.34,42.51,12.17
potsdam_3_13_000,3_13,potsdam,urban,test,data/test/images/potsdam_3_13_000.tif,data/test/dem/potsdam_3_13_000.tif,512,512,EPSG:32633,35.29,40.53,5.24
potsdam_3_13_001,3_13,potsdam,urban,test,data/test/images/potsdam_3_13_001.tif,data/test/dem/potsdam_3_13_001.tif,512,512,EPSG:32633,32.72,51.3,18.58
potsdam_3_13_002,3_13,potsdam,urban,test,data/test/images/potsdam_3_13_002.tif,data/test/dem/potsdam_3_13_002.tif,512,512,EPSG:32633,28.05,50.54,22.49
potsdam_3_13_003,3_13,potsdam,urban,test,data/test/images/potsdam_3_13_003.tif,data/test/dem/potsdam_3_13_003.tif,512,512,EPSG:32633,32.16,50.19,18.03
potsdam_3_13_004,3_13,potsdam,urban,test,data/test/images/potsdam_3_13_004.tif,data/test/dem/potsdam_3_13_004.tif,512,512,EPSG:32633,29.02,57.84,28.82
potsdam_3_13_005,3_13,potsdam,urban,test,data/test/images/potsdam_3_13_005.tif,data/test/dem/potsdam_3_13_005.tif,512,512,EPSG:32633,33.52,54.28,20.76
potsdam_3_13_006,3_13,potsdam,urban,test,data/test/images/potsdam_3_13_006.tif,data/test/dem/potsdam_3_13_006.tif,512,512,EPSG:32633,32.38,56.05,23.67
potsdam_3_13_007,3_13,potsdam,urban,test,data/test/images/potsdam_3_13_007.tif,data/test/dem/potsdam_3_13_007.tif,512,512,EPSG:32633,27.59,44.4,16.81
potsdam_3_13_008,3_13,potsdam,urban,test,data/test/images/potsdam_3_13_008.tif,data/test/dem/potsdam_3_13_008.tif,512,512,EPSG:32633,31.68,53.73,22.05
potsdam_3_13_009,3_13,potsdam,urban,test,data/test/images/potsdam_3_13_009.tif,data/test/dem/potsdam_3_13_009.tif,512,512,EPSG:32633,31.45,55.42,23.97
potsdam_3_13_010,3_13,potsdam,urban,test,data/test/images/potsdam_3_13_010.tif,data/test/dem/potsdam_3_13_010.tif,512,512,EPSG:32633,31.01,52.38,21.37
potsdam_3_13_011,3_13,potsdam,urban,test,data/test/images/potsdam_3_13_011.tif,data/test/dem/potsdam_3_13_011.tif,512,512,EPSG:32633,27.23,53.47,26.25
potsdam_3_13_012,3_13,potsdam,urban,test,data/test/images/potsdam_3_13_012.tif,data/test/dem/potsdam_3_13_012.tif,512,512,EPSG:32633,28.84,50.12,21.28
potsdam_3_13_013,3_13,potsdam,urban,test,data/test/images/potsdam_3_13_013.tif,data/test/dem/potsdam_3_13_013.tif,512,512,EPSG:32633,31.0,48.77,17.76
potsdam_3_13_014,3_13,potsdam,urban,test,data/test/images/potsdam_3_13_014.tif,data/test/dem/potsdam_3_13_014.tif,512,512,EPSG:32633,29.65,47.09,17.44
potsdam_3_13_015,3_13,potsdam,urban,test,data/test/images/potsdam_3_13_015.tif,data/test/dem/potsdam_3_13_015.tif,512,512,EPSG:32633,31.55,50.95,19.4
potsdam_3_13_016,3_13,potsdam,urban,test,data/test/images/potsdam_3_13_016.tif,data/test/dem/potsdam_3_13_016.tif,512,512,EPSG:32633,29.7,52.94,23.24
potsdam_3_13_017,3_13,potsdam,urban,test,data/test/images/potsdam_3_13_017.tif,data/test/dem/potsdam_3_13_017.tif,512,512,EPSG:32633,28.85,53.84,24.99
potsdam_3_13_018,3_13,potsdam,urban,test,data/test/images/potsdam_3_13_018.tif,data/test/dem/potsdam_3_13_018.tif,512,512,EPSG:32633,29.26,48.35,19.09
potsdam_3_13_019,3_13,potsdam,urban,test,data/test/images/potsdam_3_13_019.tif,data/test/dem/potsdam_3_13_019.tif,512,512,EPSG:32633,27.17,50.22,23.05
potsdam_3_13_020,3_13,potsdam,urban,test,data/test/images/potsdam_3_13_020.tif,data/test/dem/potsdam_3_13_020.tif,512,512,EPSG:32633,31.57,47.84,16.27
potsdam_3_13_021,3_13,potsdam,urban,test,data/test/images/potsdam_3_13_021.tif,data/test/dem/potsdam_3_13_021.tif,512,512,EPSG:32633,31.18,52.61,21.43
potsdam_3_13_022,3_13,potsdam,urban,test,data/test/images/potsdam_3_13_022.tif,data/test/dem/potsdam_3_13_022.tif,512,512,EPSG:32633,28.17,44.64,16.46
potsdam_3_13_023,3_13,potsdam,urban,test,data/test/images/potsdam_3_13_023.tif,data/test/dem/potsdam_3_13_023.tif,512,512,EPSG:32633,31.19,42.16,10.97
potsdam_3_13_024,3_13,potsdam,urban,test,data/test/images/potsdam_3_13_024.tif,data/test/dem/potsdam_3_13_024.tif,512,512,EPSG:32633,30.61,45.34,14.74
potsdam_4_14_000,4_14,potsdam,urban,test,data/test/images/potsdam_4_14_000.tif,data/test/dem/potsdam_4_14_000.tif,512,512,EPSG:32633,27.16,54.42,27.26
potsdam_4_14_001,4_14,potsdam,urban,test,data/test/images/potsdam_4_14_001.tif,data/test/dem/potsdam_4_14_001.tif,512,512,EPSG:32633,31.24,49.51,18.27
potsdam_4_14_002,4_14,potsdam,urban,test,data/test/images/potsdam_4_14_002.tif,data/test/dem/potsdam_4_14_002.tif,512,512,EPSG:32633,30.84,37.95,7.11
potsdam_4_14_003,4_14,potsdam,urban,test,data/test/images/potsdam_4_14_003.tif,data/test/dem/potsdam_4_14_003.tif,512,512,EPSG:32633,29.26,39.1,9.84
potsdam_4_14_004,4_14,potsdam,urban,test,data/test/images/potsdam_4_14_004.tif,data/test/dem/potsdam_4_14_004.tif,512,512,EPSG:32633,26.95,44.97,18.02
potsdam_4_14_005,4_14,potsdam,urban,test,data/test/images/potsdam_4_14_005.tif,data/test/dem/potsdam_4_14_005.tif,512,512,EPSG:32633,29.69,49.11,19.42
potsdam_4_14_006,4_14,potsdam,urban,test,data/test/images/potsdam_4_14_006.tif,data/test/dem/potsdam_4_14_006.tif,512,512,EPSG:32633,27.32,51.33,24.01
potsdam_4_14_007,4_14,potsdam,urban,test,data/test/images/potsdam_4_14_007.tif,data/test/dem/potsdam_4_14_007.tif,512,512,EPSG:32633,27.77,52.66,24.9
potsdam_4_14_008,4_14,potsdam,urban,test,data/test/images/potsdam_4_14_008.tif,data/test/dem/potsdam_4_14_008.tif,512,512,EPSG:32633,27.47,49.88,22.41
potsdam_4_14_009,4_14,potsdam,urban,test,data/test/images/potsdam_4_14_009.tif,data/test/dem/potsdam_4_14_009.tif,512,512,EPSG:32633,28.17,46.32,18.15
potsdam_4_14_010,4_14,potsdam,urban,test,data/test/images/potsdam_4_14_010.tif,data/test/dem/potsdam_4_14_010.tif,512,512,EPSG:32633,26.24,48.15,21.91
potsdam_4_14_011,4_14,potsdam,urban,test,data/test/images/potsdam_4_14_011.tif,data/test/dem/potsdam_4_14_011.tif,512,512,EPSG:32633,30.05,46.11,16.05
potsdam_4_14_012,4_14,potsdam,urban,test,data/test/images/potsdam_4_14_012.tif,data/test/dem/potsdam_4_14_012.tif,512,512,EPSG:32633,30.7,33.36,2.65
potsdam_4_14_013,4_14,potsdam,urban,test,data/test/images/potsdam_4_14_013.tif,data/test/dem/potsdam_4_14_013.tif,512,512,EPSG:32633,28.13,46.43,18.3
potsdam_4_14_014,4_14,potsdam,urban,test,data/test/images/potsdam_4_14_014.tif,data/test/dem/potsdam_4_14_014.tif,512,512,EPSG:32633,27.16,49.33,22.17
potsdam_4_14_015,4_14,potsdam,urban,test,data/test/images/potsdam_4_14_015.tif,data/test/dem/potsdam_4_14_015.tif,512,512,EPSG:32633,30.09,48.35,18.27
potsdam_4_14_016,4_14,potsdam,urban,test,data/test/images/potsdam_4_14_016.tif,data/test/dem/potsdam_4_14_016.tif,512,512,EPSG:32633,30.2,50.19,19.99
potsdam_4_14_017,4_14,potsdam,urban,test,data/test/images/potsdam_4_14_017.tif,data/test/dem/potsdam_4_14_017.tif,512,512,EPSG:32633,29.45,40.32,10.87
potsdam_4_14_018,4_14,potsdam,urban,test,data/test/images/potsdam_4_14_018.tif,data/test/dem/potsdam_4_14_018.tif,512,512,EPSG:32633,28.8,40.3,11.5
potsdam_4_14_019,4_14,potsdam,urban,test,data/test/images/potsdam_4_14_019.tif,data/test/dem/potsdam_4_14_019.tif,512,512,EPSG:32633,27.71,42.53,14.82
potsdam_4_14_020,4_14,potsdam,urban,test,data/test/images/potsdam_4_14_020.tif,data/test/dem/potsdam_4_14_020.tif,512,512,EPSG:32633,30.03,50.32,20.29
potsdam_4_14_021,4_14,potsdam,urban,test,data/test/images/potsdam_4_14_021.tif,data/test/dem/potsdam_4_14_021.tif,512,512,EPSG:32633,26.89,48.24,21.35
potsdam_4_14_022,4_14,potsdam,urban,test,data/test/images/potsdam_4_14_022.tif,data/test/dem/potsdam_4_14_022.tif,512,512,EPSG:32633,27.18,58.06,30.88
potsdam_4_14_023,4_14,potsdam,urban,test,data/test/images/potsdam_4_14_023.tif,data/test/dem/potsdam_4_14_023.tif,512,512,EPSG:32633,22.89,51.05,28.16
potsdam_4_14_024,4_14,potsdam,urban,test,data/test/images/potsdam_4_14_024.tif,data/test/dem/potsdam_4_14_024.tif,512,512,EPSG:32633,27.07,46.23,19.16
potsdam_4_15_000,4_15,potsdam,urban,test,data/test/images/potsdam_4_15_000.tif,data/test/dem/potsdam_4_15_000.tif,512,512,EPSG:32633,26.93,33.61,6.68
potsdam_4_15_001,4_15,potsdam,urban,test,data/test/images/potsdam_4_15_001.tif,data/test/dem/potsdam_4_15_001.tif,512,512,EPSG:32633,29.05,57.22,28.16
potsdam_4_15_002,4_15,potsdam,urban,test,data/test/images/potsdam_4_15_002.tif,data/test/dem/potsdam_4_15_002.tif,512,512,EPSG:32633,31.34,37.15,5.81
potsdam_4_15_003,4_15,potsdam,urban,test,data/test/images/potsdam_4_15_003.tif,data/test/dem/potsdam_4_15_003.tif,512,512,EPSG:32633,30.62,51.49,20.87
potsdam_4_15_004,4_15,potsdam,urban,test,data/test/images/potsdam_4_15_004.tif,data/test/dem/potsdam_4_15_004.tif,512,512,EPSG:32633,31.63,48.96,17.33
potsdam_4_15_005,4_15,potsdam,urban,test,data/test/images/potsdam_4_15_005.tif,data/test/dem/potsdam_4_15_005.tif,512,512,EPSG:32633,30.8,47.14,16.35
potsdam_4_15_006,4_15,potsdam,urban,test,data/test/images/potsdam_4_15_006.tif,data/test/dem/potsdam_4_15_006.tif,512,512,EPSG:32633,27.58,46.97,19.39
potsdam_4_15_007,4_15,potsdam,urban,test,data/test/images/potsdam_4_15_007.tif,data/test/dem/potsdam_4_15_007.tif,512,512,EPSG:32633,26.92,44.52,17.6
potsdam_4_15_008,4_15,potsdam,urban,test,data/test/images/potsdam_4_15_008.tif,data/test/dem/potsdam_4_15_008.tif,512,512,EPSG:32633,31.73,46.83,15.11
potsdam_4_15_009,4_15,potsdam,urban,test,data/test/images/potsdam_4_15_009.tif,data/test/dem/potsdam_4_15_009.tif,512,512,EPSG:32633,30.93,47.62,16.69
potsdam_4_15_010,4_15,potsdam,urban,test,data/test/images/potsdam_4_15_010.tif,data/test/dem/potsdam_4_15_010.tif,512,512,EPSG:32633,29.86,49.8,19.94
potsdam_4_15_011,4_15,potsdam,urban,test,data/test/images/potsdam_4_15_011.tif,data/test/dem/potsdam_4_15_011.tif,512,512,EPSG:32633,30.46,46.15,15.69
potsdam_4_15_012,4_15,potsdam,urban,test,data/test/images/potsdam_4_15_012.tif,data/test/dem/potsdam_4_15_012.tif,512,512,EPSG:32633,28.8,38.0,9.2
potsdam_4_15_013,4_15,potsdam,urban,test,data/test/images/potsdam_4_15_013.tif,data/test/dem/potsdam_4_15_013.tif,512,512,EPSG:32633,28.64,42.05,13.42
potsdam_4_15_014,4_15,potsdam,urban,test,data/test/images/potsdam_4_15_014.tif,data/test/dem/potsdam_4_15_014.tif,512,512,EPSG:32633,29.19,47.67,18.48
potsdam_4_15_015,4_15,potsdam,urban,test,data/test/images/potsdam_4_15_015.tif,data/test/dem/potsdam_4_15_015.tif,512,512,EPSG:32633,28.58,51.52,22.94
potsdam_4_15_016,4_15,potsdam,urban,test,data/test/images/potsdam_4_15_016.tif,data/test/dem/potsdam_4_15_016.tif,512,512,EPSG:32633,29.98,38.72,8.74
potsdam_4_15_017,4_15,potsdam,urban,test,data/test/images/potsdam_4_15_017.tif,data/test/dem/potsdam_4_15_017.tif,512,512,EPSG:32633,19.53,39.93,20.39
potsdam_4_15_018,4_15,potsdam,urban,test,data/test/images/potsdam_4_15_018.tif,data/test/dem/potsdam_4_15_018.tif,512,512,EPSG:32633,31.39,40.83,9.44
potsdam_4_15_019,4_15,potsdam,urban,test,data/test/images/potsdam_4_15_019.tif,data/test/dem/potsdam_4_15_019.tif,512,512,EPSG:32633,31.12,38.59,7.47
potsdam_4_15_020,4_15,potsdam,urban,test,data/test/images/potsdam_4_15_020.tif,data/test/dem/potsdam_4_15_020.tif,512,512,EPSG:32633,30.82,53.62,22.8
potsdam_4_15_021,4_15,potsdam,urban,test,data/test/images/potsdam_4_15_021.tif,data/test/dem/potsdam_4_15_021.tif,512,512,EPSG:32633,30.75,52.06,21.31
potsdam_4_15_022,4_15,potsdam,urban,test,data/test/images/potsdam_4_15_022.tif,data/test/dem/potsdam_4_15_022.tif,512,512,EPSG:32633,24.24,46.71,22.47
potsdam_4_15_023,4_15,potsdam,urban,test,data/test/images/potsdam_4_15_023.tif,data/test/dem/potsdam_4_15_023.tif,512,512,EPSG:32633,30.47,40.48,10.01
potsdam_4_15_024,4_15,potsdam,urban,test,data/test/images/potsdam_4_15_024.tif,data/test/dem/potsdam_4_15_024.tif,512,512,EPSG:32633,31.01,38.76,7.75
potsdam_5_11_000,5_11,potsdam,urban,test,data/test/images/potsdam_5_11_000.tif,data/test/dem/potsdam_5_11_000.tif,512,512,EPSG:32633,28.98,46.19,17.21
potsdam_5_11_001,5_11,potsdam,urban,test,data/test/images/potsdam_5_11_001.tif,data/test/dem/potsdam_5_11_001.tif,512,512,EPSG:32633,30.8,41.23,10.43
potsdam_5_11_002,5_11,potsdam,urban,test,data/test/images/potsdam_5_11_002.tif,data/test/dem/potsdam_5_11_002.tif,512,512,EPSG:32633,29.14,52.24,23.1
potsdam_5_11_003,5_11,potsdam,urban,test,data/test/images/potsdam_5_11_003.tif,data/test/dem/potsdam_5_11_003.tif,512,512,EPSG:32633,30.56,45.81,15.25
potsdam_5_11_004,5_11,potsdam,urban,test,data/test/images/potsdam_5_11_004.tif,data/test/dem/potsdam_5_11_004.tif,512,512,EPSG:32633,31.79,50.85,19.06
potsdam_5_11_005,5_11,potsdam,urban,test,data/test/images/potsdam_5_11_005.tif,data/test/dem/potsdam_5_11_005.tif,512,512,EPSG:32633,29.34,45.92,16.58
potsdam_5_11_006,5_11,potsdam,urban,test,data/test/images/potsdam_5_11_006.tif,data/test/dem/potsdam_5_11_006.tif,512,512,EPSG:32633,30.19,44.26,14.07
potsdam_5_11_007,5_11,potsdam,urban,test,data/test/images/potsdam_5_11_007.tif,data/test/dem/potsdam_5_11_007.tif,512,512,EPSG:32633,30.04,38.49,8.45
potsdam_5_11_008,5_11,potsdam,urban,test,data/test/images/potsdam_5_11_008.tif,data/test/dem/potsdam_5_11_008.tif,512,512,EPSG:32633,17.97,42.35,24.38
potsdam_5_11_009,5_11,potsdam,urban,test,data/test/images/potsdam_5_11_009.tif,data/test/dem/potsdam_5_11_009.tif,512,512,EPSG:32633,30.49,33.53,3.04
potsdam_5_11_010,5_11,potsdam,urban,test,data/test/images/potsdam_5_11_010.tif,data/test/dem/potsdam_5_11_010.tif,512,512,EPSG:32633,30.07,44.83,14.75
potsdam_5_11_011,5_11,potsdam,urban,test,data/test/images/potsdam_5_11_011.tif,data/test/dem/potsdam_5_11_011.tif,512,512,EPSG:32633,30.32,46.03,15.72
potsdam_5_11_012,5_11,potsdam,urban,test,data/test/images/potsdam_5_11_012.tif,data/test/dem/potsdam_5_11_012.tif,512,512,EPSG:32633,32.14,52.09,19.95
potsdam_5_11_013,5_11,potsdam,urban,test,data/test/images/potsdam_5_11_013.tif,data/test/dem/potsdam_5_11_013.tif,512,512,EPSG:32633,31.22,48.02,16.8
potsdam_5_11_014,5_11,potsdam,urban,test,data/test/images/potsdam_5_11_014.tif,data/test/dem/potsdam_5_11_014.tif,512,512,EPSG:32633,30.85,45.59,14.74
potsdam_5_11_015,5_11,potsdam,urban,test,data/test/images/potsdam_5_11_015.tif,data/test/dem/potsdam_5_11_015.tif,512,512,EPSG:32633,31.4,45.56,14.17
potsdam_5_11_016,5_11,potsdam,urban,test,data/test/images/potsdam_5_11_016.tif,data/test/dem/potsdam_5_11_016.tif,512,512,EPSG:32633,30.21,45.4,15.19
potsdam_5_11_017,5_11,potsdam,urban,test,data/test/images/potsdam_5_11_017.tif,data/test/dem/potsdam_5_11_017.tif,512,512,EPSG:32633,32.15,50.88,18.73
potsdam_5_11_018,5_11,potsdam,urban,test,data/test/images/potsdam_5_11_018.tif,data/test/dem/potsdam_5_11_018.tif,512,512,EPSG:32633,31.51,46.83,15.32
potsdam_5_11_019,5_11,potsdam,urban,test,data/test/images/potsdam_5_11_019.tif,data/test/dem/potsdam_5_11_019.tif,512,512,EPSG:32633,30.64,45.42,14.78
potsdam_5_11_020,5_11,potsdam,urban,test,data/test/images/potsdam_5_11_020.tif,data/test/dem/potsdam_5_11_020.tif,512,512,EPSG:32633,31.05,50.4,19.35
potsdam_5_11_021,5_11,potsdam,urban,test,data/test/images/potsdam_5_11_021.tif,data/test/dem/potsdam_5_11_021.tif,512,512,EPSG:32633,27.92,47.84,19.91
potsdam_5_11_022,5_11,potsdam,urban,test,data/test/images/potsdam_5_11_022.tif,data/test/dem/potsdam_5_11_022.tif,512,512,EPSG:32633,31.75,45.0,13.26
potsdam_5_11_023,5_11,potsdam,urban,test,data/test/images/potsdam_5_11_023.tif,data/test/dem/potsdam_5_11_023.tif,512,512,EPSG:32633,31.52,45.12,13.6
potsdam_5_11_024,5_11,potsdam,urban,test,data/test/images/potsdam_5_11_024.tif,data/test/dem/potsdam_5_11_024.tif,512,512,EPSG:32633,31.7,47.36,15.66
